id,median_t1,median_true,group_t1,group_true,time,value
1,0.4223779192999233,0.07786467457803313,Hohe Angst,Hohe Angst,t1,1.6300931548935211
1,0.4223779192999233,0.07786467457803313,Hohe Angst,Hohe Angst,t2,-2.6877293767953043
1,0.4223779192999233,0.07786467457803313,Hohe Angst,Hohe Angst,true,0.5855288178438556
2,0.4223779192999233,0.07786467457803313,Hohe Angst,Hohe Angst,t1,0.7290535373741988
2,0.4223779192999233,0.07786467457803313,Hohe Angst,Hohe Angst,t2,1.1325912039732469
2,0.4223779192999233,0.07786467457803313,Hohe Angst,Hohe Angst,true,0.7094660175095243
3,0.4223779192999233,0.07786467457803313,Geringe Angst,Geringe Angst,t1,-0.9903557070868708
3,0.4223779192999233,0.07786467457803313,Geringe Angst,Geringe Angst,t2,-1.0389667715660387
3,0.4223779192999233,0.07786467457803313,Geringe Angst,Geringe Angst,true,-0.10930331468105392
4,0.4223779192999233,0.07786467457803313,Hohe Angst,Geringe Angst,t1,1.9454818955400424
4,0.4223779192999233,0.07786467457803313,Hohe Angst,Geringe Angst,t2,-1.7782115973751051
4,0.4223779192999233,0.07786467457803313,Hohe Angst,Geringe Angst,true,-0.453497173462763
5,0.4223779192999233,0.07786467457803313,Geringe Angst,Hohe Angst,t1,0.3709504772075467
5,0.4223779192999233,0.07786467457803313,Geringe Angst,Hohe Angst,t2,0.3399802615491882
5,0.4223779192999233,0.07786467457803313,Geringe Angst,Hohe Angst,true,0.6058874558403936
6,0.4223779192999233,0.07786467457803313,Geringe Angst,Geringe Angst,t1,-1.741536392942575
6,0.4223779192999233,0.07786467457803313,Geringe Angst,Geringe Angst,t2,-4.461359386726224
6,0.4223779192999233,0.07786467457803313,Geringe Angst,Geringe Angst,true,-1.817955967703729
7,0.4223779192999233,0.07786467457803313,Hohe Angst,Hohe Angst,t1,3.0197098158109648
7,0.4223779192999233,0.07786467457803313,Hohe Angst,Hohe Angst,t2,0.78348411375483
7,0.4223779192999233,0.07786467457803313,Hohe Angst,Hohe Angst,true,0.6300985510683909
8,0.4223779192999233,0.07786467457803313,Geringe Angst,Geringe Angst,t1,0.4117325989805953
8,0.4223779192999233,0.07786467457803313,Geringe Angst,Geringe Angst,t2,-1.0461658639891116
8,0.4223779192999233,0.07786467457803313,Geringe Angst,Geringe Angst,true,-0.2761841052252158
9,0.4223779192999233,0.07786467457803313,Geringe Angst,Geringe Angst,t1,-0.9423056928733475
9,0.4223779192999233,0.07786467457803313,Geringe Angst,Geringe Angst,t2,1.6104531450609412
9,0.4223779192999233,0.07786467457803313,Geringe Angst,Geringe Angst,true,-0.2841597439433708
10,0.4223779192999233,0.07786467457803313,Hohe Angst,Geringe Angst,t1,2.4223938312438693
10,0.4223779192999233,0.07786467457803313,Hohe Angst,Geringe Angst,t2,-0.8759494585845528
10,0.4223779192999233,0.07786467457803313,Hohe Angst,Geringe Angst,true,-0.9193220024741283
11,0.4223779192999233,0.07786467457803313,Geringe Angst,Geringe Angst,t1,-1.9523642119896332
11,0.4223779192999233,0.07786467457803313,Geringe Angst,Geringe Angst,t2,-1.0328358218956581
11,0.4223779192999233,0.07786467457803313,Geringe Angst,Geringe Angst,true,-0.11624780635200191
12,0.4223779192999233,0.07786467457803313,Hohe Angst,Hohe Angst,t1,1.6416973864295883
12,0.4223779192999233,0.07786467457803313,Hohe Angst,Hohe Angst,t2,2.2750363330980914
12,0.4223779192999233,0.07786467457803313,Hohe Angst,Hohe Angst,true,1.8173120437042174
13,0.4223779192999233,0.07786467457803313,Hohe Angst,Hohe Angst,t1,3.0112153039274365
13,0.4223779192999233,0.07786467457803313,Hohe Angst,Hohe Angst,t2,-2.422187392725589
13,0.4223779192999233,0.07786467457803313,Hohe Angst,Hohe Angst,true,0.37062786425795397
14,0.4223779192999233,0.07786467457803313,Hohe Angst,Hohe Angst,t1,3.9817887185514045
14,0.4223779192999233,0.07786467457803313,Hohe Angst,Hohe Angst,t2,2.368804861814793
14,0.4223779192999233,0.07786467457803313,Hohe Angst,Hohe Angst,true,0.520216457554957
15,0.4223779192999233,0.07786467457803313,Hohe Angst,Geringe Angst,t1,3.574660161251192
15,0.4223779192999233,0.07786467457803313,Hohe Angst,Geringe Angst,t2,-0.6180999123948299
15,0.4223779192999233,0.07786467457803313,Hohe Angst,Geringe Angst,true,-0.7505319945023313
16,0.4223779192999233,0.07786467457803313,Geringe Angst,Hohe Angst,t1,0.18543488085543125
16,0.4223779192999233,0.07786467457803313,Geringe Angst,Hohe Angst,t2,2.422681523959716
16,0.4223779192999233,0.07786467457803313,Geringe Angst,Hohe Angst,true,0.8168998395205832
17,0.4223779192999233,0.07786467457803313,Geringe Angst,Geringe Angst,t1,-2.036549729716583
17,0.4223779192999233,0.07786467457803313,Geringe Angst,Geringe Angst,t2,-1.0074080437568982
17,0.4223779192999233,0.07786467457803313,Geringe Angst,Geringe Angst,true,-0.8863575212432129
18,0.4223779192999233,0.07786467457803313,Geringe Angst,Geringe Angst,t1,-3.1442904611383247
18,0.4223779192999233,0.07786467457803313,Geringe Angst,Geringe Angst,t2,-0.1529203516580867
18,0.4223779192999233,0.07786467457803313,Geringe Angst,Geringe Angst,true,-0.3315775899425525
19,0.4223779192999233,0.07786467457803313,Hohe Angst,Hohe Angst,t1,5.656432358786962
19,0.4223779192999233,0.07786467457803313,Hohe Angst,Hohe Angst,t2,1.9233354046222564
19,0.4223779192999233,0.07786467457803313,Hohe Angst,Hohe Angst,true,1.1207126516695558
20,0.4223779192999233,0.07786467457803313,Geringe Angst,Hohe Angst,t1,-1.2429841586740629
20,0.4223779192999233,0.07786467457803313,Geringe Angst,Hohe Angst,t2,-1.4783975087412111
20,0.4223779192999233,0.07786467457803313,Geringe Angst,Hohe Angst,true,0.2987236992672934
21,0.4223779192999233,0.07786467457803313,Hohe Angst,Hohe Angst,t1,1.5402533185441087
21,0.4223779192999233,0.07786467457803313,Hohe Angst,Hohe Angst,t2,3.6779607754228887
21,0.4223779192999233,0.07786467457803313,Hohe Angst,Hohe Angst,true,0.7796219245553236
22,0.4223779192999233,0.07786467457803313,Hohe Angst,Hohe Angst,t1,2.6660586279867946
22,0.4223779192999233,0.07786467457803313,Hohe Angst,Hohe Angst,t2,1.8668060261957398
22,0.4223779192999233,0.07786467457803313,Hohe Angst,Hohe Angst,true,1.4557850824768634
23,0.4223779192999233,0.07786467457803313,Hohe Angst,Geringe Angst,t1,1.3950198444038628
23,0.4223779192999233,0.07786467457803313,Hohe Angst,Geringe Angst,t2,-0.7565683645601071
23,0.4223779192999233,0.07786467457803313,Hohe Angst,Geringe Angst,true,-0.6443284292313022
24,0.4223779192999233,0.07786467457803313,Geringe Angst,Geringe Angst,t1,-0.603251316933252
24,0.4223779192999233,0.07786467457803313,Geringe Angst,Geringe Angst,t2,-2.832856315915963
24,0.4223779192999233,0.07786467457803313,Geringe Angst,Geringe Angst,true,-1.5531374052296867
25,0.4223779192999233,0.07786467457803313,Geringe Angst,Geringe Angst,t1,-5.969602396921485
25,0.4223779192999233,0.07786467457803313,Geringe Angst,Geringe Angst,t2,-0.16214751918139259
25,0.4223779192999233,0.07786467457803313,Geringe Angst,Geringe Angst,true,-1.5977095166963127
26,0.4223779192999233,0.07786467457803313,Hohe Angst,Hohe Angst,t1,3.671481852761131
26,0.4223779192999233,0.07786467457803313,Hohe Angst,Hohe Angst,t2,1.6760969365998635
26,0.4223779192999233,0.07786467457803313,Hohe Angst,Hohe Angst,true,1.8050975188108238
27,0.4223779192999233,0.07786467457803313,Hohe Angst,Geringe Angst,t1,0.4692234787708143
27,0.4223779192999233,0.07786467457803313,Hohe Angst,Geringe Angst,t2,-0.2167881718805169
27,0.4223779192999233,0.07786467457803313,Hohe Angst,Geringe Angst,true,-0.4816473636946367
28,0.4223779192999233,0.07786467457803313,Hohe Angst,Hohe Angst,t1,1.4009430013552282
28,0.4223779192999233,0.07786467457803313,Hohe Angst,Hohe Angst,t2,0.6898099704066017
28,0.4223779192999233,0.07786467457803313,Hohe Angst,Hohe Angst,true,0.6203798012984224
29,0.4223779192999233,0.07786467457803313,Geringe Angst,Hohe Angst,t1,-0.8425328090355267
29,0.4223779192999233,0.07786467457803313,Geringe Angst,Hohe Angst,t2,1.17542876229257
29,0.4223779192999233,0.07786467457803313,Geringe Angst,Hohe Angst,true,0.6121234926508491
30,0.4223779192999233,0.07786467457803313,Hohe Angst,Geringe Angst,t1,1.8108009192350587
30,0.4223779192999233,0.07786467457803313,Hohe Angst,Geringe Angst,t2,1.6762455327372106
30,0.4223779192999233,0.07786467457803313,Hohe Angst,Geringe Angst,true,-0.16231097691812565
31,0.4223779192999233,0.07786467457803313,Hohe Angst,Hohe Angst,t1,3.659840375893999
31,0.4223779192999233,0.07786467457803313,Hohe Angst,Hohe Angst,t2,-1.273573127297933
31,0.4223779192999233,0.07786467457803313,Hohe Angst,Hohe Angst,true,0.8118731785538597
32,0.4223779192999233,0.07786467457803313,Hohe Angst,Hohe Angst,t1,3.16629456874821
32,0.4223779192999233,0.07786467457803313,Hohe Angst,Hohe Angst,t2,1.769588185936734
32,0.4223779192999233,0.07786467457803313,Hohe Angst,Hohe Angst,true,2.1968335463475337
33,0.4223779192999233,0.07786467457803313,Hohe Angst,Hohe Angst,t1,2.747663229275046
33,0.4223779192999233,0.07786467457803313,Hohe Angst,Hohe Angst,t2,5.605084491146224
33,0.4223779192999233,0.07786467457803313,Hohe Angst,Hohe Angst,true,2.049190337406193
34,0.4223779192999233,0.07786467457803313,Hohe Angst,Hohe Angst,t1,3.352694138712848
34,0.4223779192999233,0.07786467457803313,Hohe Angst,Hohe Angst,t2,4.554327363136279
34,0.4223779192999233,0.07786467457803313,Hohe Angst,Hohe Angst,true,1.6324456394804665
35,0.4223779192999233,0.07786467457803313,Hohe Angst,Hohe Angst,t1,1.0634934820301598
35,0.4223779192999233,0.07786467457803313,Hohe Angst,Hohe Angst,t2,-0.4748304523419693
35,0.4223779192999233,0.07786467457803313,Hohe Angst,Hohe Angst,true,0.25427119281405464
36,0.4223779192999233,0.07786467457803313,Hohe Angst,Hohe Angst,t1,1.2252781220716136
36,0.4223779192999233,0.07786467457803313,Hohe Angst,Hohe Angst,t2,-0.7351325634754062
36,0.4223779192999233,0.07786467457803313,Hohe Angst,Hohe Angst,true,0.4911882792725588
37,0.4223779192999233,0.07786467457803313,Geringe Angst,Geringe Angst,t1,-3.362484677753071
37,0.4223779192999233,0.07786467457803313,Geringe Angst,Geringe Angst,t2,0.6677269821440903
37,0.4223779192999233,0.07786467457803313,Geringe Angst,Geringe Angst,true,-0.3240865787371176
38,0.4223779192999233,0.07786467457803313,Hohe Angst,Geringe Angst,t1,1.4375564200987254
38,0.4223779192999233,0.07786467457803313,Hohe Angst,Geringe Angst,t2,-1.170773071208755
38,0.4223779192999233,0.07786467457803313,Hohe Angst,Geringe Angst,true,-1.6620502438586344
39,0.4223779192999233,0.07786467457803313,Hohe Angst,Hohe Angst,t1,2.767495982208299
39,0.4223779192999233,0.07786467457803313,Hohe Angst,Hohe Angst,t2,1.5119242312085959
39,0.4223779192999233,0.07786467457803313,Hohe Angst,Hohe Angst,true,1.7677338508729665
40,0.4223779192999233,0.07786467457803313,Hohe Angst,Geringe Angst,t1,0.947546751712552
40,0.4223779192999233,0.07786467457803313,Hohe Angst,Geringe Angst,t2,-2.475077787580582
40,0.4223779192999233,0.07786467457803313,Hohe Angst,Geringe Angst,true,0.025801048647808147
41,0.4223779192999233,0.07786467457803313,Hohe Angst,Hohe Angst,t1,5.281930700145055
41,0.4223779192999233,0.07786467457803313,Hohe Angst,Hohe Angst,t2,4.397212756006578
41,0.4223779192999233,0.07786467457803313,Hohe Angst,Hohe Angst,true,1.1285108335901786
42,0.4223779192999233,0.07786467457803313,Geringe Angst,Geringe Angst,t1,-2.9956591925630573
42,0.4223779192999233,0.07786467457803313,Geringe Angst,Geringe Angst,t2,-0.4294865326691506
42,0.4223779192999233,0.07786467457803313,Geringe Angst,Geringe Angst,true,-2.3803580613970423
43,0.4223779192999233,0.07786467457803313,Hohe Angst,Geringe Angst,t1,0.8444762182040111
43,0.4223779192999233,0.07786467457803313,Hohe Angst,Geringe Angst,t2,1.107890323083728
43,0.4223779192999233,0.07786467457803313,Hohe Angst,Geringe Angst,true,-1.0602655521525315
44,0.4223779192999233,0.07786467457803313,Hohe Angst,Hohe Angst,t1,2.00271712630302
44,0.4223779192999233,0.07786467457803313,Hohe Angst,Hohe Angst,t2,0.21836599726382777
44,0.4223779192999233,0.07786467457803313,Hohe Angst,Hohe Angst,true,0.9371405401829076
45,0.4223779192999233,0.07786467457803313,Hohe Angst,Hohe Angst,t1,0.6633563035799273
45,0.4223779192999233,0.07786467457803313,Hohe Angst,Hohe Angst,t2,-1.1765876257956527
45,0.4223779192999233,0.07786467457803313,Hohe Angst,Hohe Angst,true,0.8544517203305539
46,0.4223779192999233,0.07786467457803313,Hohe Angst,Hohe Angst,t1,1.176602646239855
46,0.4223779192999233,0.07786467457803313,Hohe Angst,Hohe Angst,t2,4.131772349516359
46,0.4223779192999233,0.07786467457803313,Hohe Angst,Hohe Angst,true,1.460729403104089
47,0.4223779192999233,0.07786467457803313,Geringe Angst,Geringe Angst,t1,-3.7791501998458905
47,0.4223779192999233,0.07786467457803313,Geringe Angst,Geringe Angst,t2,-1.7242233300043968
47,0.4223779192999233,0.07786467457803313,Geringe Angst,Geringe Angst,true,-1.4130987778891948
48,0.4223779192999233,0.07786467457803313,Hohe Angst,Hohe Angst,t1,1.6580400724933024
48,0.4223779192999233,0.07786467457803313,Hohe Angst,Hohe Angst,t2,2.420620249780699
48,0.4223779192999233,0.07786467457803313,Hohe Angst,Hohe Angst,true,0.5674032534244817
49,0.4223779192999233,0.07786467457803313,Geringe Angst,Hohe Angst,t1,-4.580523231725827
49,0.4223779192999233,0.07786467457803313,Geringe Angst,Hohe Angst,t2,2.361679029973228
49,0.4223779192999233,0.07786467457803313,Geringe Angst,Hohe Angst,true,0.5831876534356852
50,0.4223779192999233,0.07786467457803313,Geringe Angst,Geringe Angst,t1,0.2510012276076148
50,0.4223779192999233,0.07786467457803313,Geringe Angst,Geringe Angst,t2,-1.0165648503217382
50,0.4223779192999233,0.07786467457803313,Geringe Angst,Geringe Angst,true,-1.3067988334644245
51,0.4223779192999233,0.07786467457803313,Geringe Angst,Geringe Angst,t1,0.04549453154560423
51,0.4223779192999233,0.07786467457803313,Geringe Angst,Geringe Angst,t2,-2.177679326081436
51,0.4223779192999233,0.07786467457803313,Geringe Angst,Geringe Angst,true,-0.5403860738621047
52,0.4223779192999233,0.07786467457803313,Hohe Angst,Hohe Angst,t1,1.7742768540352343
52,0.4223779192999233,0.07786467457803313,Hohe Angst,Hohe Angst,t2,-0.5259530576765363
52,0.4223779192999233,0.07786467457803313,Hohe Angst,Hohe Angst,true,1.9476926647320396
53,0.4223779192999233,0.07786467457803313,Geringe Angst,Geringe Angst,t1,-2.879128720563015
53,0.4223779192999233,0.07786467457803313,Geringe Angst,Geringe Angst,t2,4.68804156192267
53,0.4223779192999233,0.07786467457803313,Geringe Angst,Geringe Angst,true,0.05359027035745444
54,0.4223779192999233,0.07786467457803313,Geringe Angst,Hohe Angst,t1,-1.8146960569163588
54,0.4223779192999233,0.07786467457803313,Geringe Angst,Hohe Angst,t2,0.4531114570229572
54,0.4223779192999233,0.07786467457803313,Geringe Angst,Hohe Angst,true,0.3516628405552372
55,0.4223779192999233,0.07786467457803313,Hohe Angst,Geringe Angst,t1,1.4444981952591074
55,0.4223779192999233,0.07786467457803313,Hohe Angst,Geringe Angst,t2,-0.08930551951070553
55,0.4223779192999233,0.07786467457803313,Hohe Angst,Geringe Angst,true,-0.6709765389939378
56,0.4223779192999233,0.07786467457803313,Geringe Angst,Hohe Angst,t1,-0.44268790630670257
56,0.4223779192999233,0.07786467457803313,Geringe Angst,Hohe Angst,t2,-3.3446257848973344
56,0.4223779192999233,0.07786467457803313,Geringe Angst,Hohe Angst,true,0.27795369480614324
57,0.4223779192999233,0.07786467457803313,Hohe Angst,Hohe Angst,t1,1.3923588029056662
57,0.4223779192999233,0.07786467457803313,Hohe Angst,Hohe Angst,t2,-1.5991240994876623
57,0.4223779192999233,0.07786467457803313,Hohe Angst,Hohe Angst,true,0.6911712728748837
58,0.4223779192999233,0.07786467457803313,Hohe Angst,Hohe Angst,t1,0.8803106410928031
58,0.4223779192999233,0.07786467457803313,Hohe Angst,Hohe Angst,t2,3.3855409730082564
58,0.4223779192999233,0.07786467457803313,Hohe Angst,Hohe Angst,true,0.8237953287060861
59,0.4223779192999233,0.07786467457803313,Hohe Angst,Hohe Angst,t1,3.0911615425272796
59,0.4223779192999233,0.07786467457803313,Hohe Angst,Hohe Angst,t2,-0.5738750215654274
59,0.4223779192999233,0.07786467457803313,Hohe Angst,Hohe Angst,true,2.1450650204802906
60,0.4223779192999233,0.07786467457803313,Geringe Angst,Geringe Angst,t1,-4.1852534337073255
60,0.4223779192999233,0.07786467457803313,Geringe Angst,Geringe Angst,t2,1.4229974955816211
60,0.4223779192999233,0.07786467457803313,Geringe Angst,Geringe Angst,true,-2.346943978363373
61,0.4223779192999233,0.07786467457803313,Geringe Angst,Hohe Angst,t1,-0.6020548920638804
61,0.4223779192999233,0.07786467457803313,Geringe Angst,Hohe Angst,t2,-2.58761114010389
61,0.4223779192999233,0.07786467457803313,Geringe Angst,Hohe Angst,true,0.14959198061520868
62,0.4223779192999233,0.07786467457803313,Geringe Angst,Geringe Angst,t1,-4.968199010353992
62,0.4223779192999233,0.07786467457803313,Geringe Angst,Geringe Angst,t2,-0.2546506586055375
62,0.4223779192999233,0.07786467457803313,Geringe Angst,Geringe Angst,true,-1.3425314817295442
63,0.4223779192999233,0.07786467457803313,Hohe Angst,Hohe Angst,t1,1.1305034977138257
63,0.4223779192999233,0.07786467457803313,Hohe Angst,Hohe Angst,t2,-1.9227572612909083
63,0.4223779192999233,0.07786467457803313,Hohe Angst,Hohe Angst,true,0.5533030755038985
64,0.4223779192999233,0.07786467457803313,Hohe Angst,Hohe Angst,t1,1.2107176801412023
64,0.4223779192999233,0.07786467457803313,Hohe Angst,Hohe Angst,t2,5.344227527835549
64,0.4223779192999233,0.07786467457803313,Hohe Angst,Hohe Angst,true,1.5899628426954096
65,0.4223779192999233,0.07786467457803313,Geringe Angst,Geringe Angst,t1,-0.5511591679644043
65,0.4223779192999233,0.07786467457803313,Geringe Angst,Geringe Angst,t2,-3.478499738241234
65,0.4223779192999233,0.07786467457803313,Geringe Angst,Geringe Angst,true,-0.5868795943870997
66,0.4223779192999233,0.07786467457803313,Geringe Angst,Geringe Angst,t1,-0.5315168213571377
66,0.4223779192999233,0.07786467457803313,Geringe Angst,Geringe Angst,t2,-2.1391121014769334
66,0.4223779192999233,0.07786467457803313,Geringe Angst,Geringe Angst,true,-1.8323773062094
67,0.4223779192999233,0.07786467457803313,Hohe Angst,Hohe Angst,t1,1.508649403494381
67,0.4223779192999233,0.07786467457803313,Hohe Angst,Hohe Angst,t2,-1.0032378078854594
67,0.4223779192999233,0.07786467457803313,Hohe Angst,Hohe Angst,true,0.8881394326520178
68,0.4223779192999233,0.07786467457803313,Hohe Angst,Hohe Angst,t1,4.930202810204049
68,0.4223779192999233,0.07786467457803313,Hohe Angst,Hohe Angst,t2,2.218298460630645
68,0.4223779192999233,0.07786467457803313,Hohe Angst,Hohe Angst,true,1.5934884723562739
69,0.4223779192999233,0.07786467457803313,Hohe Angst,Hohe Angst,t1,1.8620837378844142
69,0.4223779192999233,0.07786467457803313,Hohe Angst,Hohe Angst,t2,1.0663034206992492
69,0.4223779192999233,0.07786467457803313,Hohe Angst,Hohe Angst,true,0.516854670662387
70,0.4223779192999233,0.07786467457803313,Geringe Angst,Geringe Angst,t1,-1.8507076563471037
70,0.4223779192999233,0.07786467457803313,Geringe Angst,Geringe Angst,t2,-1.9265563131075476
70,0.4223779192999233,0.07786467457803313,Geringe Angst,Geringe Angst,true,-1.295671680294824
71,0.4223779192999233,0.07786467457803313,Geringe Angst,Geringe Angst,t1,-0.23743720857629766
71,0.4223779192999233,0.07786467457803313,Geringe Angst,Geringe Angst,t2,-0.7141196206456469
71,0.4223779192999233,0.07786467457803313,Geringe Angst,Geringe Angst,true,0.05461557532937542
72,0.4223779192999233,0.07786467457803313,Hohe Angst,Geringe Angst,t1,2.6182142901603527
72,0.4223779192999233,0.07786467457803313,Hohe Angst,Geringe Angst,t2,-3.6425208374600433
72,0.4223779192999233,0.07786467457803313,Hohe Angst,Geringe Angst,true,-0.7846493731915444
73,0.4223779192999233,0.07786467457803313,Geringe Angst,Geringe Angst,t1,-0.10663705781417432
73,0.4223779192999233,0.07786467457803313,Geringe Angst,Geringe Angst,t2,0.8774825595165574
73,0.4223779192999233,0.07786467457803313,Geringe Angst,Geringe Angst,true,-1.049352818956266
74,0.4223779192999233,0.07786467457803313,Hohe Angst,Hohe Angst,t1,3.493912119551994
74,0.4223779192999233,0.07786467457803313,Hohe Angst,Hohe Angst,t2,3.558075205093056
74,0.4223779192999233,0.07786467457803313,Hohe Angst,Hohe Angst,true,2.3305119624047115
75,0.4223779192999233,0.07786467457803313,Hohe Angst,Hohe Angst,t1,2.734746774888068
75,0.4223779192999233,0.07786467457803313,Hohe Angst,Hohe Angst,t2,0.6655965164337565
75,0.4223779192999233,0.07786467457803313,Hohe Angst,Hohe Angst,true,1.4027053828674316
76,0.4223779192999233,0.07786467457803313,Geringe Angst,Hohe Angst,t1,-0.6152035996263153
76,0.4223779192999233,0.07786467457803313,Geringe Angst,Hohe Angst,t2,-2.6714884684359608
76,0.4223779192999233,0.07786467457803313,Geringe Angst,Hohe Angst,true,0.9426008506915254
77,0.4223779192999233,0.07786467457803313,Hohe Angst,Hohe Angst,t1,3.152907982803157
77,0.4223779192999233,0.07786467457803313,Hohe Angst,Hohe Angst,t2,3.537135173785617
77,0.4223779192999233,0.07786467457803313,Hohe Angst,Hohe Angst,true,0.8262582871524295
78,0.4223779192999233,0.07786467457803313,Geringe Angst,Geringe Angst,t1,-4.740628880591777
78,0.4223779192999233,0.07786467457803313,Geringe Angst,Geringe Angst,t2,0.07981984203846548
78,0.4223779192999233,0.07786467457803313,Geringe Angst,Geringe Angst,true,-0.8115404901910814
79,0.4223779192999233,0.07786467457803313,Hohe Angst,Hohe Angst,t1,2.0145896172736673
79,0.4223779192999233,0.07786467457803313,Hohe Angst,Hohe Angst,t2,0.8058378636942846
79,0.4223779192999233,0.07786467457803313,Hohe Angst,Hohe Angst,true,0.476248280753654
80,0.4223779192999233,0.07786467457803313,Hohe Angst,Hohe Angst,t1,5.540802394301442
80,0.4223779192999233,0.07786467457803313,Hohe Angst,Hohe Angst,t2,1.0812139392371847
80,0.4223779192999233,0.07786467457803313,Hohe Angst,Hohe Angst,true,1.0212584074810918
81,0.4223779192999233,0.07786467457803313,Geringe Angst,Hohe Angst,t1,-0.30916150855995284
81,0.4223779192999233,0.07786467457803313,Geringe Angst,Hohe Angst,t2,-0.7068427531963442
81,0.4223779192999233,0.07786467457803313,Geringe Angst,Hohe Angst,true,0.6453830742060769
82,0.4223779192999233,0.07786467457803313,Hohe Angst,Hohe Angst,t1,0.8379825339596381
82,0.4223779192999233,0.07786467457803313,Hohe Angst,Hohe Angst,t2,3.315242854530621
82,0.4223779192999233,0.07786467457803313,Hohe Angst,Hohe Angst,true,1.04314355155144
83,0.4223779192999233,0.07786467457803313,Hohe Angst,Geringe Angst,t1,0.43302323961925127
83,0.4223779192999233,0.07786467457803313,Hohe Angst,Geringe Angst,t2,4.03429514226479
83,0.4223779192999233,0.07786467457803313,Hohe Angst,Geringe Angst,true,-0.3043691126936614
84,0.4223779192999233,0.07786467457803313,Hohe Angst,Hohe Angst,t1,1.4062449289978622
84,0.4223779192999233,0.07786467457803313,Hohe Angst,Hohe Angst,t2,0.2990723375006441
84,0.4223779192999233,0.07786467457803313,Hohe Angst,Hohe Angst,true,2.47711091696297
85,0.4223779192999233,0.07786467457803313,Hohe Angst,Hohe Angst,t1,1.984424555667896
85,0.4223779192999233,0.07786467457803313,Hohe Angst,Hohe Angst,t2,-1.234231521905307
85,0.4223779192999233,0.07786467457803313,Hohe Angst,Hohe Angst,true,0.9712206730374449
86,0.4223779192999233,0.07786467457803313,Hohe Angst,Hohe Angst,t1,1.5659849893871496
86,0.4223779192999233,0.07786467457803313,Hohe Angst,Hohe Angst,t2,4.47237153178313
86,0.4223779192999233,0.07786467457803313,Hohe Angst,Hohe Angst,true,1.8670991845667206
87,0.4223779192999233,0.07786467457803313,Hohe Angst,Hohe Angst,t1,2.480529581417769
87,0.4223779192999233,0.07786467457803313,Hohe Angst,Hohe Angst,t2,-4.884608551614556
87,0.4223779192999233,0.07786467457803313,Hohe Angst,Hohe Angst,true,0.6720424690147866
88,0.4223779192999233,0.07786467457803313,Hohe Angst,Geringe Angst,t1,4.176118894097095
88,0.4223779192999233,0.07786467457803313,Hohe Angst,Geringe Angst,t2,0.3746697404139269
88,0.4223779192999233,0.07786467457803313,Hohe Angst,Geringe Angst,true,-0.307953380837338
89,0.4223779192999233,0.07786467457803313,Geringe Angst,Hohe Angst,t1,-1.8537220645282022
89,0.4223779192999233,0.07786467457803313,Geringe Angst,Hohe Angst,t2,0.08942414454295194
89,0.4223779192999233,0.07786467457803313,Geringe Angst,Hohe Angst,true,0.5365237167108722
90,0.4223779192999233,0.07786467457803313,Geringe Angst,Hohe Angst,t1,-0.012175066831014325
90,0.4223779192999233,0.07786467457803313,Geringe Angst,Hohe Angst,t2,0.4273268749802901
90,0.4223779192999233,0.07786467457803313,Geringe Angst,Hohe Angst,true,0.8248700653516756
91,0.4223779192999233,0.07786467457803313,Hohe Angst,Geringe Angst,t1,0.6326013103841093
91,0.4223779192999233,0.07786467457803313,Hohe Angst,Geringe Angst,t2,2.30270388050641
91,0.4223779192999233,0.07786467457803313,Hohe Angst,Geringe Angst,true,-0.9639014790138021
92,0.4223779192999233,0.07786467457803313,Geringe Angst,Geringe Angst,t1,0.14126181568416984
92,0.4223779192999233,0.07786467457803313,Geringe Angst,Geringe Angst,t2,-4.594325537367612
92,0.4223779192999233,0.07786467457803313,Geringe Angst,Geringe Angst,true,-0.8550825110997908
93,0.4223779192999233,0.07786467457803313,Hohe Angst,Hohe Angst,t1,2.1260673887680435
93,0.4223779192999233,0.07786467457803313,Hohe Angst,Hohe Angst,t2,1.386769248360821
93,0.4223779192999233,0.07786467457803313,Hohe Angst,Hohe Angst,true,1.8869469420256626
94,0.4223779192999233,0.07786467457803313,Geringe Angst,Geringe Angst,t1,-1.126224810484266
94,0.4223779192999233,0.07786467457803313,Geringe Angst,Geringe Angst,t2,-3.1333380396410013
94,0.4223779192999233,0.07786467457803313,Geringe Angst,Geringe Angst,true,-0.39181937199518224
95,0.4223779192999233,0.07786467457803313,Geringe Angst,Geringe Angst,t1,-0.4559707793202288
95,0.4223779192999233,0.07786467457803313,Geringe Angst,Geringe Angst,t2,1.9218907382684396
95,0.4223779192999233,0.07786467457803313,Geringe Angst,Geringe Angst,true,-0.980632948949986
96,0.4223779192999233,0.07786467457803313,Hohe Angst,Hohe Angst,t1,1.2127403502057144
96,0.4223779192999233,0.07786467457803313,Hohe Angst,Hohe Angst,t2,-3.5884874492294507
96,0.4223779192999233,0.07786467457803313,Hohe Angst,Hohe Angst,true,0.6873321005570421
97,0.4223779192999233,0.07786467457803313,Hohe Angst,Geringe Angst,t1,0.7764342384657158
97,0.4223779192999233,0.07786467457803313,Hohe Angst,Geringe Angst,t2,-1.6595656125375546
97,0.4223779192999233,0.07786467457803313,Hohe Angst,Geringe Angst,true,-0.5050435175208962
98,0.4223779192999233,0.07786467457803313,Hohe Angst,Hohe Angst,t1,2.771899478050264
98,0.4223779192999233,0.07786467457803313,Hohe Angst,Hohe Angst,t2,2.6306187196172726
98,0.4223779192999233,0.07786467457803313,Hohe Angst,Hohe Angst,true,2.157719816506416
99,0.4223779192999233,0.07786467457803313,Geringe Angst,Geringe Angst,t1,-0.6660563653783363
99,0.4223779192999233,0.07786467457803313,Geringe Angst,Geringe Angst,t2,1.5999155629115833
99,0.4223779192999233,0.07786467457803313,Geringe Angst,Geringe Angst,true,-0.5997975638248355
100,0.4223779192999233,0.07786467457803313,Geringe Angst,Geringe Angst,t1,-3.444047746921803
100,0.4223779192999233,0.07786467457803313,Geringe Angst,Geringe Angst,t2,0.4280187340305579
100,0.4223779192999233,0.07786467457803313,Geringe Angst,Geringe Angst,true,-0.6945466932707511
101,0.4223779192999233,0.07786467457803313,Hohe Angst,Hohe Angst,t1,1.4798556337737383
101,0.4223779192999233,0.07786467457803313,Hohe Angst,Hohe Angst,t2,4.831179418356739
101,0.4223779192999233,0.07786467457803313,Hohe Angst,Hohe Angst,true,0.22392540752128837
102,0.4223779192999233,0.07786467457803313,Geringe Angst,Geringe Angst,t1,-1.151935428377218
102,0.4223779192999233,0.07786467457803313,Geringe Angst,Geringe Angst,t2,2.885568463538033
102,0.4223779192999233,0.07786467457803313,Geringe Angst,Geringe Angst,true,-1.1562233302407734
103,0.4223779192999233,0.07786467457803313,Hohe Angst,Hohe Angst,t1,0.9911739732086082
103,0.4223779192999233,0.07786467457803313,Hohe Angst,Hohe Angst,t2,0.3066614903073516
103,0.4223779192999233,0.07786467457803313,Hohe Angst,Hohe Angst,true,0.422418527786999
104,0.4223779192999233,0.07786467457803313,Geringe Angst,Geringe Angst,t1,-3.3283134282871014
104,0.4223779192999233,0.07786467457803313,Geringe Angst,Geringe Angst,t2,-0.4405685047200315
104,0.4223779192999233,0.07786467457803313,Geringe Angst,Geringe Angst,true,-1.3247552558489266
105,0.4223779192999233,0.07786467457803313,Geringe Angst,Hohe Angst,t1,-1.093359544407775
105,0.4223779192999233,0.07786467457803313,Geringe Angst,Hohe Angst,t2,-2.465577967375545
105,0.4223779192999233,0.07786467457803313,Geringe Angst,Hohe Angst,true,0.14108431286028475
106,0.4223779192999233,0.07786467457803313,Hohe Angst,Geringe Angst,t1,1.120340480434801
106,0.4223779192999233,0.07786467457803313,Hohe Angst,Geringe Angst,t2,-0.6064888549986996
106,0.4223779192999233,0.07786467457803313,Hohe Angst,Geringe Angst,true,-0.5360479984909463
107,0.4223779192999233,0.07786467457803313,Geringe Angst,Geringe Angst,t1,-0.48124337592677136
107,0.4223779192999233,0.07786467457803313,Geringe Angst,Geringe Angst,t2,1.5369025476789195
107,0.4223779192999233,0.07786467457803313,Geringe Angst,Geringe Angst,true,-0.3116060845781474
108,0.4223779192999233,0.07786467457803313,Hohe Angst,Hohe Angst,t1,0.6866698087290072
108,0.4223779192999233,0.07786467457803313,Hohe Angst,Hohe Angst,t2,0.8344529765108517
108,0.4223779192999233,0.07786467457803313,Hohe Angst,Hohe Angst,true,1.5561096426012564
109,0.4223779192999233,0.07786467457803313,Geringe Angst,Geringe Angst,t1,-2.8577038694958956
109,0.4223779192999233,0.07786467457803313,Geringe Angst,Geringe Angst,t2,0.4863120703383832
109,0.4223779192999233,0.07786467457803313,Geringe Angst,Geringe Angst,true,-0.4480332912944701
110,0.4223779192999233,0.07786467457803313,Geringe Angst,Hohe Angst,t1,-1.720250222346246
110,0.4223779192999233,0.07786467457803313,Geringe Angst,Hohe Angst,t2,-0.08135018368486868
110,0.4223779192999233,0.07786467457803313,Geringe Angst,Hohe Angst,true,0.3211235374939677
111,0.4223779192999233,0.07786467457803313,Geringe Angst,Geringe Angst,t1,-3.1726306528016375
111,0.4223779192999233,0.07786467457803313,Geringe Angst,Geringe Angst,t2,-1.2408669332438098
111,0.4223779192999233,0.07786467457803313,Geringe Angst,Geringe Angst,true,-1.2301722468801901
112,0.4223779192999233,0.07786467457803313,Geringe Angst,Geringe Angst,t1,-1.6458854165078285
112,0.4223779192999233,0.07786467457803313,Geringe Angst,Geringe Angst,t2,-2.390065266204041
112,0.4223779192999233,0.07786467457803313,Geringe Angst,Geringe Angst,true,-1.3240586921541535
113,0.4223779192999233,0.07786467457803313,Hohe Angst,Hohe Angst,t1,3.6706163440143285
113,0.4223779192999233,0.07786467457803313,Hohe Angst,Hohe Angst,t2,0.23041199193787
113,0.4223779192999233,0.07786467457803313,Hohe Angst,Hohe Angst,true,1.2612422743882958
114,0.4223779192999233,0.07786467457803313,Hohe Angst,Hohe Angst,t1,1.4527241529626675
114,0.4223779192999233,0.07786467457803313,Hohe Angst,Hohe Angst,t2,1.1494099011001828
114,0.4223779192999233,0.07786467457803313,Hohe Angst,Hohe Angst,true,1.3192317196423355
115,0.4223779192999233,0.07786467457803313,Geringe Angst,Geringe Angst,t1,-1.845669128675126
115,0.4223779192999233,0.07786467457803313,Geringe Angst,Geringe Angst,t2,0.7911129187142868
115,0.4223779192999233,0.07786467457803313,Geringe Angst,Geringe Angst,true,-0.08075376136803437
116,0.4223779192999233,0.07786467457803313,Geringe Angst,Geringe Angst,t1,-0.5449292822322948
116,0.4223779192999233,0.07786467457803313,Geringe Angst,Geringe Angst,t2,1.4908186816842188
116,0.4223779192999233,0.07786467457803313,Geringe Angst,Geringe Angst,true,-0.5050898062714925
117,0.4223779192999233,0.07786467457803313,Hohe Angst,Geringe Angst,t1,0.6038793667173326
117,0.4223779192999233,0.07786467457803313,Hohe Angst,Geringe Angst,t2,-2.378532114655725
117,0.4223779192999233,0.07786467457803313,Hohe Angst,Geringe Angst,true,-0.05215359333032353
118,0.4223779192999233,0.07786467457803313,Geringe Angst,Hohe Angst,t1,-1.2323966082783753
118,0.4223779192999233,0.07786467457803313,Geringe Angst,Hohe Angst,t2,3.9906483005785627
118,0.4223779192999233,0.07786467457803313,Geringe Angst,Hohe Angst,true,0.6288606251084361
119,0.4223779192999233,0.07786467457803313,Geringe Angst,Hohe Angst,t1,-0.08282753873339344
119,0.4223779192999233,0.07786467457803313,Geringe Angst,Hohe Angst,t2,4.61424342356943
119,0.4223779192999233,0.07786467457803313,Geringe Angst,Hohe Angst,true,2.180002397484837
120,0.4223779192999233,0.07786467457803313,Hohe Angst,Geringe Angst,t1,2.1034434714779935
120,0.4223779192999233,0.07786467457803313,Hohe Angst,Geringe Angst,t2,-0.1238949602201539
120,0.4223779192999233,0.07786467457803313,Hohe Angst,Geringe Angst,true,-0.06901730651921631
121,0.4223779192999233,0.07786467457803313,Hohe Angst,Hohe Angst,t1,2.573347806483704
121,0.4223779192999233,0.07786467457803313,Hohe Angst,Hohe Angst,t2,0.9617723934430078
121,0.4223779192999233,0.07786467457803313,Hohe Angst,Hohe Angst,true,1.5448636020375959
122,0.4223779192999233,0.07786467457803313,Hohe Angst,Hohe Angst,t1,1.9077887786810486
122,0.4223779192999233,0.07786467457803313,Hohe Angst,Hohe Angst,t2,3.266707659709779
122,0.4223779192999233,0.07786467457803313,Hohe Angst,Hohe Angst,true,1.3214520171626303
123,0.4223779192999233,0.07786467457803313,Geringe Angst,Hohe Angst,t1,-0.8031580855598712
123,0.4223779192999233,0.07786467457803313,Geringe Angst,Hohe Angst,t2,-0.157261883247718
123,0.4223779192999233,0.07786467457803313,Geringe Angst,Hohe Angst,true,0.3221515753628023
124,0.4223779192999233,0.07786467457803313,Hohe Angst,Hohe Angst,t1,1.9452405672611233
124,0.4223779192999233,0.07786467457803313,Hohe Angst,Hohe Angst,t2,-0.27248023162695345
124,0.4223779192999233,0.07786467457803313,Hohe Angst,Hohe Angst,true,1.530955119735158
125,0.4223779192999233,0.07786467457803313,Hohe Angst,Geringe Angst,t1,2.034915221476026
125,0.4223779192999233,0.07786467457803313,Hohe Angst,Geringe Angst,t2,-1.6835883435838148
125,0.4223779192999233,0.07786467457803313,Hohe Angst,Geringe Angst,true,-0.4212396933385745
126,0.4223779192999233,0.07786467457803313,Geringe Angst,Geringe Angst,t1,-2.0188461614263993
126,0.4223779192999233,0.07786467457803313,Geringe Angst,Geringe Angst,t2,-4.410771193286744
126,0.4223779192999233,0.07786467457803313,Geringe Angst,Geringe Angst,true,-1.1588210228181377
127,0.4223779192999233,0.07786467457803313,Hohe Angst,Geringe Angst,t1,0.818448414032819
127,0.4223779192999233,0.07786467457803313,Hohe Angst,Geringe Angst,t2,-6.144360179272902
127,0.4223779192999233,0.07786467457803313,Hohe Angst,Geringe Angst,true,-1.8453682894214676
128,0.4223779192999233,0.07786467457803313,Geringe Angst,Hohe Angst,t1,-0.36920902508785347
128,0.4223779192999233,0.07786467457803313,Geringe Angst,Hohe Angst,t2,5.382581134057008
128,0.4223779192999233,0.07786467457803313,Geringe Angst,Hohe Angst,true,1.157325287057147
129,0.4223779192999233,0.07786467457803313,Geringe Angst,Geringe Angst,t1,0.3410877821066314
129,0.4223779192999233,0.07786467457803313,Geringe Angst,Geringe Angst,t2,-1.5853890145077534
129,0.4223779192999233,0.07786467457803313,Geringe Angst,Geringe Angst,true,-2.1235498810147573
130,0.4223779192999233,0.07786467457803313,Geringe Angst,Geringe Angst,t1,0.022085807741018204
130,0.4223779192999233,0.07786467457803313,Geringe Angst,Geringe Angst,t2,-2.234975829329739
130,0.4223779192999233,0.07786467457803313,Geringe Angst,Geringe Angst,true,-1.1960315181108307
131,0.4223779192999233,0.07786467457803313,Geringe Angst,Hohe Angst,t1,-0.002888176981692414
131,0.4223779192999233,0.07786467457803313,Geringe Angst,Hohe Angst,t2,1.610723102549377
131,0.4223779192999233,0.07786467457803313,Geringe Angst,Hohe Angst,true,1.64219199076734
132,0.4223779192999233,0.07786467457803313,Hohe Angst,Hohe Angst,t1,0.7883581202167542
132,0.4223779192999233,0.07786467457803313,Hohe Angst,Hohe Angst,t2,0.5811489949222174
132,0.4223779192999233,0.07786467457803313,Hohe Angst,Hohe Angst,true,0.8836548331620144
133,0.4223779192999233,0.07786467457803313,Hohe Angst,Hohe Angst,t1,0.8662319124334151
133,0.4223779192999233,0.07786467457803313,Hohe Angst,Hohe Angst,t2,0.7013385986632826
133,0.4223779192999233,0.07786467457803313,Hohe Angst,Hohe Angst,true,0.5248758910359168
134,0.4223779192999233,0.07786467457803313,Geringe Angst,Geringe Angst,t1,-3.6348017178347365
134,0.4223779192999233,0.07786467457803313,Geringe Angst,Geringe Angst,t2,0.3731459582086567
134,0.4223779192999233,0.07786467457803313,Geringe Angst,Geringe Angst,true,-1.1846590656307718
135,0.4223779192999233,0.07786467457803313,Hohe Angst,Hohe Angst,t1,3.430454040558044
135,0.4223779192999233,0.07786467457803313,Hohe Angst,Hohe Angst,t2,3.429228547314938
135,0.4223779192999233,0.07786467457803313,Hohe Angst,Hohe Angst,true,2.6557882721427952
136,0.4223779192999233,0.07786467457803313,Geringe Angst,Geringe Angst,t1,-0.06657815627052999
136,0.4223779192999233,0.07786467457803313,Geringe Angst,Geringe Angst,t2,-0.35200677617983844
136,0.4223779192999233,0.07786467457803313,Geringe Angst,Geringe Angst,true,-1.0479137102183116
137,0.4223779192999233,0.07786467457803313,Hohe Angst,Geringe Angst,t1,3.4671296446231197
137,0.4223779192999233,0.07786467457803313,Hohe Angst,Geringe Angst,t2,-4.810265282504844
137,0.4223779192999233,0.07786467457803313,Hohe Angst,Geringe Angst,true,-1.0111225236190378
138,0.4223779192999233,0.07786467457803313,Hohe Angst,Hohe Angst,t1,2.4533462704392557
138,0.4223779192999233,0.07786467457803313,Hohe Angst,Hohe Angst,t2,0.5535568205384807
138,0.4223779192999233,0.07786467457803313,Hohe Angst,Hohe Angst,true,0.6689216525143327
139,0.4223779192999233,0.07786467457803313,Hohe Angst,Hohe Angst,t1,1.7270424611420918
139,0.4223779192999233,0.07786467457803313,Hohe Angst,Hohe Angst,t2,-0.8134326792460693
139,0.4223779192999233,0.07786467457803313,Hohe Angst,Hohe Angst,true,0.1291772936761934
140,0.4223779192999233,0.07786467457803313,Hohe Angst,Geringe Angst,t1,3.4483086707067048
140,0.4223779192999233,0.07786467457803313,Hohe Angst,Geringe Angst,t2,0.8468857292773477
140,0.4223779192999233,0.07786467457803313,Hohe Angst,Geringe Angst,true,-0.42257686705351416
141,0.4223779192999233,0.07786467457803313,Geringe Angst,Geringe Angst,t1,-0.3517643455841687
141,0.4223779192999233,0.07786467457803313,Geringe Angst,Geringe Angst,t2,-3.0617515302303557
141,0.4223779192999233,0.07786467457803313,Geringe Angst,Geringe Angst,true,-1.1402641448481259
142,0.4223779192999233,0.07786467457803313,Geringe Angst,Geringe Angst,t1,-0.028672301289152324
142,0.4223779192999233,0.07786467457803313,Geringe Angst,Geringe Angst,t2,-2.9033645112897863
142,0.4223779192999233,0.07786467457803313,Geringe Angst,Geringe Angst,true,-1.2937152900325397
143,0.4223779192999233,0.07786467457803313,Geringe Angst,Geringe Angst,t1,-0.3895165641113262
143,0.4223779192999233,0.07786467457803313,Geringe Angst,Geringe Angst,t2,-1.5865922934037617
143,0.4223779192999233,0.07786467457803313,Geringe Angst,Geringe Angst,true,-0.5946987690708933
144,0.4223779192999233,0.07786467457803313,Hohe Angst,Geringe Angst,t1,0.5196079162303886
144,0.4223779192999233,0.07786467457803313,Hohe Angst,Geringe Angst,t2,-2.3377680480782135
144,0.4223779192999233,0.07786467457803313,Hohe Angst,Geringe Angst,true,-1.5008140802208376
145,0.4223779192999233,0.07786467457803313,Hohe Angst,Geringe Angst,t1,2.4452124635969392
145,0.4223779192999233,0.07786467457803313,Hohe Angst,Geringe Angst,t2,-1.2941132074699508
145,0.4223779192999233,0.07786467457803313,Hohe Angst,Geringe Angst,true,0.015855693065559114
146,0.4223779192999233,0.07786467457803313,Hohe Angst,Hohe Angst,t1,1.5419108843083613
146,0.4223779192999233,0.07786467457803313,Hohe Angst,Hohe Angst,t2,3.3311425482425823
146,0.4223779192999233,0.07786467457803313,Hohe Angst,Hohe Angst,true,0.5401695676922199
147,0.4223779192999233,0.07786467457803313,Geringe Angst,Geringe Angst,t1,-3.366227868885388
147,0.4223779192999233,0.07786467457803313,Geringe Angst,Geringe Angst,t2,4.640101289603857
147,0.4223779192999233,0.07786467457803313,Geringe Angst,Geringe Angst,true,-1.547291967045698
148,0.4223779192999233,0.07786467457803313,Geringe Angst,Hohe Angst,t1,-3.544764094035242
148,0.4223779192999233,0.07786467457803313,Geringe Angst,Hohe Angst,t2,4.651304192401874
148,0.4223779192999233,0.07786467457803313,Geringe Angst,Hohe Angst,true,0.8496529299284385
149,0.4223779192999233,0.07786467457803313,Hohe Angst,Hohe Angst,t1,1.7731038286735896
149,0.4223779192999233,0.07786467457803313,Hohe Angst,Hohe Angst,t2,0.105375198976285
149,0.4223779192999233,0.07786467457803313,Hohe Angst,Hohe Angst,true,0.8960131843324499
150,0.4223779192999233,0.07786467457803313,Geringe Angst,Hohe Angst,t1,-1.9201386638720028
150,0.4223779192999233,0.07786467457803313,Geringe Angst,Hohe Angst,t2,-1.034713748250032
150,0.4223779192999233,0.07786467457803313,Geringe Angst,Hohe Angst,true,0.13869099680972888
151,0.4223779192999233,0.07786467457803313,Geringe Angst,Geringe Angst,t1,-0.19317211449704486
151,0.4223779192999233,0.07786467457803313,Geringe Angst,Geringe Angst,t2,-0.6957975498702128
151,0.4223779192999233,0.07786467457803313,Geringe Angst,Geringe Angst,true,-1.6193283223661383
152,0.4223779192999233,0.07786467457803313,Hohe Angst,Hohe Angst,t1,2.6049350012536583
152,0.4223779192999233,0.07786467457803313,Hohe Angst,Hohe Angst,t2,0.7428166003462542
152,0.4223779192999233,0.07786467457803313,Hohe Angst,Hohe Angst,true,0.5483979230144026
153,0.4223779192999233,0.07786467457803313,Geringe Angst,Hohe Angst,t1,-0.9459832970258943
153,0.4223779192999233,0.07786467457803313,Geringe Angst,Hohe Angst,t2,1.5473332821318255
153,0.4223779192999233,0.07786467457803313,Geringe Angst,Hohe Angst,true,0.19528215381125175
154,0.4223779192999233,0.07786467457803313,Geringe Angst,Geringe Angst,t1,-1.674515358443719
154,0.4223779192999233,0.07786467457803313,Geringe Angst,Geringe Angst,t2,-2.3040390771863724
154,0.4223779192999233,0.07786467457803313,Geringe Angst,Geringe Angst,true,-0.8064979947634705
155,0.4223779192999233,0.07786467457803313,Hohe Angst,Geringe Angst,t1,1.902010694329395
155,0.4223779192999233,0.07786467457803313,Hohe Angst,Geringe Angst,t2,1.9424808696214488
155,0.4223779192999233,0.07786467457803313,Hohe Angst,Geringe Angst,true,-0.10862423520712687
156,0.4223779192999233,0.07786467457803313,Hohe Angst,Geringe Angst,t1,2.1561430082095443
156,0.4223779192999233,0.07786467457803313,Hohe Angst,Geringe Angst,t2,-1.6441373946957014
156,0.4223779192999233,0.07786467457803313,Hohe Angst,Geringe Angst,true,-0.25094662385231276
157,0.4223779192999233,0.07786467457803313,Hohe Angst,Hohe Angst,t1,4.691712062446049
157,0.4223779192999233,0.07786467457803313,Hohe Angst,Hohe Angst,t2,-0.8549242025329136
157,0.4223779192999233,0.07786467457803313,Hohe Angst,Hohe Angst,true,1.6993466685331788
158,0.4223779192999233,0.07786467457803313,Geringe Angst,Geringe Angst,t1,-0.657495660679156
158,0.4223779192999233,0.07786467457803313,Geringe Angst,Geringe Angst,t2,-0.5291462531361237
158,0.4223779192999233,0.07786467457803313,Geringe Angst,Geringe Angst,true,-0.3442987962649689
159,0.4223779192999233,0.07786467457803313,Geringe Angst,Geringe Angst,t1,-1.8042889780515337
159,0.4223779192999233,0.07786467457803313,Geringe Angst,Geringe Angst,t2,3.762699285794575
159,0.4223779192999233,0.07786467457803313,Geringe Angst,Geringe Angst,true,0.06777206140421876
160,0.4223779192999233,0.07786467457803313,Geringe Angst,Geringe Angst,t1,0.054507565502938005
160,0.4223779192999233,0.07786467457803313,Geringe Angst,Geringe Angst,t2,-2.50982863809426
160,0.4223779192999233,0.07786467457803313,Geringe Angst,Geringe Angst,true,-0.65056972685405845
161,0.4223779192999233,0.07786467457803313,Geringe Angst,Geringe Angst,t1,-3.0600158083112374
161,0.4223779192999233,0.07786467457803313,Geringe Angst,Geringe Angst,t2,-2.549238828443582
161,0.4223779192999233,0.07786467457803313,Geringe Angst,Geringe Angst,true,-0.48763851520308543
162,0.4223779192999233,0.07786467457803313,Geringe Angst,Hohe Angst,t1,-0.241894472882012
162,0.4223779192999233,0.07786467457803313,Geringe Angst,Hohe Angst,t2,-2.335877472240845
162,0.4223779192999233,0.07786467457803313,Geringe Angst,Hohe Angst,true,0.30315123725766296
163,0.4223779192999233,0.07786467457803313,Geringe Angst,Geringe Angst,t1,0.07185565419294487
163,0.4223779192999233,0.07786467457803313,Geringe Angst,Geringe Angst,t2,-0.4103854231639553
163,0.4223779192999233,0.07786467457803313,Geringe Angst,Geringe Angst,true,-0.2419740196292534
164,0.4223779192999233,0.07786467457803313,Geringe Angst,Geringe Angst,t1,-2.2453593039720583
164,0.4223779192999233,0.07786467457803313,Geringe Angst,Geringe Angst,t2,1.0660708464930349
164,0.4223779192999233,0.07786467457803313,Geringe Angst,Geringe Angst,true,-0.4817335675018977
165,0.4223779192999233,0.07786467457803313,Geringe Angst,Geringe Angst,t1,-1.2355985149769912
165,0.4223779192999233,0.07786467457803313,Geringe Angst,Geringe Angst,t2,-1.3116976111490881
165,0.4223779192999233,0.07786467457803313,Geringe Angst,Geringe Angst,true,-0.9918028642567254
166,0.4223779192999233,0.07786467457803313,Geringe Angst,Geringe Angst,t1,-1.9911504840514267
166,0.4223779192999233,0.07786467457803313,Geringe Angst,Geringe Angst,t2,1.445965945728942
166,0.4223779192999233,0.07786467457803313,Geringe Angst,Geringe Angst,true,-0.2806491388044302
167,0.4223779192999233,0.07786467457803313,Geringe Angst,Hohe Angst,t1,-1.3784401258133752
167,0.4223779192999233,0.07786467457803313,Geringe Angst,Hohe Angst,t2,2.571759099856799
167,0.4223779192999233,0.07786467457803313,Geringe Angst,Hohe Angst,true,0.6330173441801712
168,0.4223779192999233,0.07786467457803313,Geringe Angst,Geringe Angst,t1,-3.067723124760705
168,0.4223779192999233,0.07786467457803313,Geringe Angst,Geringe Angst,t2,-0.01156026280374678
168,0.4223779192999233,0.07786467457803313,Geringe Angst,Geringe Angst,true,-1.2398183431078587
169,0.4223779192999233,0.07786467457803313,Geringe Angst,Hohe Angst,t1,-2.392153249768995
169,0.4223779192999233,0.07786467457803313,Geringe Angst,Hohe Angst,t2,6.758151082608801
169,0.4223779192999233,0.07786467457803313,Geringe Angst,Hohe Angst,true,1.7643140689943189
170,0.4223779192999233,0.07786467457803313,Geringe Angst,Geringe Angst,t1,-0.30497413541302015
170,0.4223779192999233,0.07786467457803313,Geringe Angst,Geringe Angst,t2,2.2868498756218485
170,0.4223779192999233,0.07786467457803313,Geringe Angst,Geringe Angst,true,-0.023679888153007648
171,0.4223779192999233,0.07786467457803313,Hohe Angst,Hohe Angst,t1,2.79919578360063
171,0.4223779192999233,0.07786467457803313,Hohe Angst,Hohe Angst,t2,3.949663717384956
171,0.4223779192999233,0.07786467457803313,Hohe Angst,Hohe Angst,true,0.19992048382743444
172,0.4223779192999233,0.07786467457803313,Hohe Angst,Hohe Angst,t1,1.2884552112515928
172,0.4223779192999233,0.07786467457803313,Hohe Angst,Hohe Angst,t2,0.8720778642707869
172,0.4223779192999233,0.07786467457803313,Hohe Angst,Hohe Angst,true,1.3471927776400097
173,0.4223779192999233,0.07786467457803313,Geringe Angst,Geringe Angst,t1,-4.437170187473671
173,0.4223779192999233,0.07786467457803313,Geringe Angst,Geringe Angst,t2,-0.8694855887374988
173,0.4223779192999233,0.07786467457803313,Geringe Angst,Geringe Angst,true,0.03607348779969751
174,0.4223779192999233,0.07786467457803313,Hohe Angst,Hohe Angst,t1,1.914641263496323
174,0.4223779192999233,0.07786467457803313,Hohe Angst,Hohe Angst,t2,-0.6089218931299127
174,0.4223779192999233,0.07786467457803313,Hohe Angst,Hohe Angst,true,0.8245811305667345
175,0.4223779192999233,0.07786467457803313,Geringe Angst,Geringe Angst,t1,-0.04098774672869454
175,0.4223779192999233,0.07786467457803313,Geringe Angst,Geringe Angst,t2,-0.7248033161718633
175,0.4223779192999233,0.07786467457803313,Geringe Angst,Geringe Angst,true,-1.7026718516060209
176,0.4223779192999233,0.07786467457803313,Geringe Angst,Hohe Angst,t1,-0.514208130934065
176,0.4223779192999233,0.07786467457803313,Geringe Angst,Hohe Angst,t2,2.149353323428748
176,0.4223779192999233,0.07786467457803313,Geringe Angst,Hohe Angst,true,0.48095015526768203
177,0.4223779192999233,0.07786467457803313,Hohe Angst,Hohe Angst,t1,1.2814952808137379
177,0.4223779192999233,0.07786467457803313,Hohe Angst,Hohe Angst,t2,4.335279720245524
177,0.4223779192999233,0.07786467457803313,Hohe Angst,Hohe Angst,true,2.4835500893262537
178,0.4223779192999233,0.07786467457803313,Geringe Angst,Hohe Angst,t1,-0.6230306406609082
178,0.4223779192999233,0.07786467457803313,Geringe Angst,Hohe Angst,t2,2.287675291775873
178,0.4223779192999233,0.07786467457803313,Geringe Angst,Hohe Angst,true,0.40136498750560523
179,0.4223779192999233,0.07786467457803313,Geringe Angst,Hohe Angst,t1,0.20531241123234675
179,0.4223779192999233,0.07786467457803313,Geringe Angst,Hohe Angst,t2,-0.9049717395335684
179,0.4223779192999233,0.07786467457803313,Geringe Angst,Hohe Angst,true,0.2151771707470445
180,0.4223779192999233,0.07786467457803313,Geringe Angst,Geringe Angst,t1,-2.010008178321075
180,0.4223779192999233,0.07786467457803313,Geringe Angst,Geringe Angst,t2,-0.4403137843234828
180,0.4223779192999233,0.07786467457803313,Geringe Angst,Geringe Angst,true,-1.8157123529028
181,0.4223779192999233,0.07786467457803313,Geringe Angst,Geringe Angst,t1,-0.9598102187839003
181,0.4223779192999233,0.07786467457803313,Geringe Angst,Geringe Angst,t2,-0.47208858356156885
181,0.4223779192999233,0.07786467457803313,Geringe Angst,Geringe Angst,true,-0.9117394242328767
182,0.4223779192999233,0.07786467457803313,Geringe Angst,Geringe Angst,t1,-0.30382536608227517
182,0.4223779192999233,0.07786467457803313,Geringe Angst,Geringe Angst,t2,-2.0595194694034262
182,0.4223779192999233,0.07786467457803313,Geringe Angst,Geringe Angst,true,-0.04904469085362252
183,0.4223779192999233,0.07786467457803313,Geringe Angst,Geringe Angst,t1,-0.669158717407919
183,0.4223779192999233,0.07786467457803313,Geringe Angst,Geringe Angst,t2,0.3408148504951164
183,0.4223779192999233,0.07786467457803313,Geringe Angst,Geringe Angst,true,-0.4053874766818132
184,0.4223779192999233,0.07786467457803313,Hohe Angst,Hohe Angst,t1,2.03786630876527
184,0.4223779192999233,0.07786467457803313,Hohe Angst,Hohe Angst,t2,2.0691649361068363
184,0.4223779192999233,0.07786467457803313,Hohe Angst,Hohe Angst,true,1.1303817978468538
185,0.4223779192999233,0.07786467457803313,Geringe Angst,Hohe Angst,t1,-1.997206933644795
185,0.4223779192999233,0.07786467457803313,Geringe Angst,Hohe Angst,t2,0.9447168902667795
185,0.4223779192999233,0.07786467457803313,Geringe Angst,Hohe Angst,true,0.8154647350725724
186,0.4223779192999233,0.07786467457803313,Hohe Angst,Geringe Angst,t1,0.49827909295474937
186,0.4223779192999233,0.07786467457803313,Hohe Angst,Geringe Angst,t2,2.0860484021219685
186,0.4223779192999233,0.07786467457803313,Hohe Angst,Geringe Angst,true,0.07641751904814248
187,0.4223779192999233,0.07786467457803313,Hohe Angst,Hohe Angst,t1,2.958419530225679
187,0.4223779192999233,0.07786467457803313,Hohe Angst,Hohe Angst,t2,0.7060885114249338
187,0.4223779192999233,0.07786467457803313,Hohe Angst,Hohe Angst,true,1.4537473512497299
188,0.4223779192999233,0.07786467457803313,Hohe Angst,Hohe Angst,t1,0.6508801769159478
188,0.4223779192999233,0.07786467457803313,Hohe Angst,Hohe Angst,t2,2.246338091597316
188,0.4223779192999233,0.07786467457803313,Hohe Angst,Hohe Angst,true,0.3741210834362615
189,0.4223779192999233,0.07786467457803313,Geringe Angst,Geringe Angst,t1,0.14845596898009816
189,0.4223779192999233,0.07786467457803313,Geringe Angst,Geringe Angst,t2,1.5190731221355598
189,0.4223779192999233,0.07786467457803313,Geringe Angst,Geringe Angst,true,-0.17090405575257378
190,0.4223779192999233,0.07786467457803313,Geringe Angst,Geringe Angst,t1,-0.04534217538973573
190,0.4223779192999233,0.07786467457803313,Geringe Angst,Geringe Angst,t2,1.6831035066639493
190,0.4223779192999233,0.07786467457803313,Geringe Angst,Geringe Angst,true,-0.502212811850508
191,0.4223779192999233,0.07786467457803313,Geringe Angst,Hohe Angst,t1,-1.7820453256861797
191,0.4223779192999233,0.07786467457803313,Geringe Angst,Hohe Angst,t2,1.802011304616954
191,0.4223779192999233,0.07786467457803313,Geringe Angst,Hohe Angst,true,0.5435221079406329
192,0.4223779192999233,0.07786467457803313,Hohe Angst,Geringe Angst,t1,1.2041310359619664
192,0.4223779192999233,0.07786467457803313,Hohe Angst,Geringe Angst,t2,1.569283153706748
192,0.4223779192999233,0.07786467457803313,Hohe Angst,Geringe Angst,true,-0.5051860028516233
193,0.4223779192999233,0.07786467457803313,Geringe Angst,Hohe Angst,t1,0.302604032220017
193,0.4223779192999233,0.07786467457803313,Geringe Angst,Hohe Angst,t2,2.5280299278496976
193,0.4223779192999233,0.07786467457803313,Geringe Angst,Hohe Angst,true,0.7867957894020128
194,0.4223779192999233,0.07786467457803313,Geringe Angst,Hohe Angst,t1,-3.731041443113404
194,0.4223779192999233,0.07786467457803313,Geringe Angst,Hohe Angst,t2,-0.9538673685538257
194,0.4223779192999233,0.07786467457803313,Geringe Angst,Hohe Angst,true,0.30094940160844197
195,0.4223779192999233,0.07786467457803313,Hohe Angst,Hohe Angst,t1,0.8548429201378255
195,0.4223779192999233,0.07786467457803313,Hohe Angst,Hohe Angst,t2,2.1816818823790207
195,0.4223779192999233,0.07786467457803313,Hohe Angst,Hohe Angst,true,1.3102239067473704
196,0.4223779192999233,0.07786467457803313,Hohe Angst,Hohe Angst,t1,1.2467734355060638
196,0.4223779192999233,0.07786467457803313,Hohe Angst,Hohe Angst,t2,1.2772476527575116
196,0.4223779192999233,0.07786467457803313,Hohe Angst,Hohe Angst,true,0.798433770272113
197,0.4223779192999233,0.07786467457803313,Geringe Angst,Hohe Angst,t1,-0.6227894056307102
197,0.4223779192999233,0.07786467457803313,Geringe Angst,Hohe Angst,t2,-1.6613803226998038
197,0.4223779192999233,0.07786467457803313,Geringe Angst,Hohe Angst,true,0.8508604376144355
198,0.4223779192999233,0.07786467457803313,Geringe Angst,Geringe Angst,t1,-2.1369894491751635
198,0.4223779192999233,0.07786467457803313,Geringe Angst,Geringe Angst,t2,0.0035717988603288786
198,0.4223779192999233,0.07786467457803313,Geringe Angst,Geringe Angst,true,-0.44356796809468946
199,0.4223779192999233,0.07786467457803313,Geringe Angst,Geringe Angst,t1,-0.6696925080424556
199,0.4223779192999233,0.07786467457803313,Geringe Angst,Geringe Angst,t2,0.5624049503342963
199,0.4223779192999233,0.07786467457803313,Geringe Angst,Geringe Angst,true,-0.4467747876095791
200,0.4223779192999233,0.07786467457803313,Geringe Angst,Geringe Angst,t1,-0.6098982709543745
200,0.4223779192999233,0.07786467457803313,Geringe Angst,Geringe Angst,t2,4.247334261439832
200,0.4223779192999233,0.07786467457803313,Geringe Angst,Geringe Angst,true,0.01330504177615036
201,0.4223779192999233,0.07786467457803313,Geringe Angst,Geringe Angst,t1,-4.276793423208692
201,0.4223779192999233,0.07786467457803313,Geringe Angst,Geringe Angst,t2,-3.071129935413614
201,0.4223779192999233,0.07786467457803313,Geringe Angst,Geringe Angst,true,-1.436145706227074
202,0.4223779192999233,0.07786467457803313,Geringe Angst,Geringe Angst,t1,-5.5631369409847515
202,0.4223779192999233,0.07786467457803313,Geringe Angst,Geringe Angst,t2,-1.1277913906314012
202,0.4223779192999233,0.07786467457803313,Geringe Angst,Geringe Angst,true,-0.629259647262801
203,0.4223779192999233,0.07786467457803313,Hohe Angst,Hohe Angst,t1,1.2129534365876096
203,0.4223779192999233,0.07786467457803313,Hohe Angst,Hohe Angst,t2,1.169519061361423
203,0.4223779192999233,0.07786467457803313,Hohe Angst,Hohe Angst,true,0.24352176562533978
204,0.4223779192999233,0.07786467457803313,Geringe Angst,Hohe Angst,t1,-0.8175823881824973
204,0.4223779192999233,0.07786467457803313,Geringe Angst,Hohe Angst,t2,2.3930150034579074
204,0.4223779192999233,0.07786467457803313,Geringe Angst,Hohe Angst,true,1.0583622333459786
205,0.4223779192999233,0.07786467457803313,Hohe Angst,Hohe Angst,t1,7.492815429055944
205,0.4223779192999233,0.07786467457803313,Hohe Angst,Hohe Angst,t2,1.8076885885487404
205,0.4223779192999233,0.07786467457803313,Hohe Angst,Hohe Angst,true,0.8313488179150285
206,0.4223779192999233,0.07786467457803313,Geringe Angst,Hohe Angst,t1,-0.22067911068564935
206,0.4223779192999233,0.07786467457803313,Geringe Angst,Hohe Angst,t2,2.2581866848071264
206,0.4223779192999233,0.07786467457803313,Geringe Angst,Hohe Angst,true,0.10521181595233273
207,0.4223779192999233,0.07786467457803313,Geringe Angst,Geringe Angst,t1,-1.3008015248556388
207,0.4223779192999233,0.07786467457803313,Geringe Angst,Geringe Angst,t2,0.5568784791168635
207,0.4223779192999233,0.07786467457803313,Geringe Angst,Geringe Angst,true,-1.741713094457354
208,0.4223779192999233,0.07786467457803313,Hohe Angst,Hohe Angst,t1,2.3976686171238932
208,0.4223779192999233,0.07786467457803313,Hohe Angst,Hohe Angst,t2,-2.598999559992915
208,0.4223779192999233,0.07786467457803313,Hohe Angst,Hohe Angst,true,0.6452469937652257
209,0.4223779192999233,0.07786467457803313,Geringe Angst,Hohe Angst,t1,-4.200821679154568
209,0.4223779192999233,0.07786467457803313,Geringe Angst,Hohe Angst,t2,2.349670080674937
209,0.4223779192999233,0.07786467457803313,Geringe Angst,Hohe Angst,true,0.0971042246760799
210,0.4223779192999233,0.07786467457803313,Geringe Angst,Geringe Angst,t1,-0.5442364000659953
210,0.4223779192999233,0.07786467457803313,Geringe Angst,Geringe Angst,t2,1.1041213629565947
210,0.4223779192999233,0.07786467457803313,Geringe Angst,Geringe Angst,true,-0.07673369453817738
211,0.4223779192999233,0.07786467457803313,Geringe Angst,Hohe Angst,t1,-3.005035014067206
211,0.4223779192999233,0.07786467457803313,Geringe Angst,Hohe Angst,t2,-0.4892192604380343
211,0.4223779192999233,0.07786467457803313,Geringe Angst,Hohe Angst,true,0.9919506777017477
212,0.4223779192999233,0.07786467457803313,Geringe Angst,Geringe Angst,t1,-3.328811560385042
212,0.4223779192999233,0.07786467457803313,Geringe Angst,Geringe Angst,t2,-0.3543429255685172
212,0.4223779192999233,0.07786467457803313,Geringe Angst,Geringe Angst,true,-0.8592507612491018
213,0.4223779192999233,0.07786467457803313,Hohe Angst,Geringe Angst,t1,1.4110277470328079
213,0.4223779192999233,0.07786467457803313,Hohe Angst,Geringe Angst,t2,-0.9555751661457997
213,0.4223779192999233,0.07786467457803313,Hohe Angst,Geringe Angst,true,-0.28157968832440505
214,0.4223779192999233,0.07786467457803313,Hohe Angst,Hohe Angst,t1,1.973257634407204
214,0.4223779192999233,0.07786467457803313,Hohe Angst,Hohe Angst,t2,3.9623264757941277
214,0.4223779192999233,0.07786467457803313,Hohe Angst,Hohe Angst,true,2.0662472706907122
215,0.4223779192999233,0.07786467457803313,Geringe Angst,Geringe Angst,t1,0.19573255270237755
215,0.4223779192999233,0.07786467457803313,Geringe Angst,Geringe Angst,t2,-1.9322537379052793
215,0.4223779192999233,0.07786467457803313,Geringe Angst,Geringe Angst,true,-0.6115529778166967
216,0.4223779192999233,0.07786467457803313,Hohe Angst,Hohe Angst,t1,1.8505221454928247
216,0.4223779192999233,0.07786467457803313,Hohe Angst,Hohe Angst,t2,1.6817203577657067
216,0.4223779192999233,0.07786467457803313,Hohe Angst,Hohe Angst,true,0.31561282466481877
217,0.4223779192999233,0.07786467457803313,Hohe Angst,Hohe Angst,t1,2.39449638203404
217,0.4223779192999233,0.07786467457803313,Hohe Angst,Hohe Angst,t2,0.8170765145513897
217,0.4223779192999233,0.07786467457803313,Hohe Angst,Hohe Angst,true,0.6602933781448249
218,0.4223779192999233,0.07786467457803313,Geringe Angst,Geringe Angst,t1,-4.231364705135155
218,0.4223779192999233,0.07786467457803313,Geringe Angst,Geringe Angst,t2,-0.6554662258339448
218,0.4223779192999233,0.07786467457803313,Geringe Angst,Geringe Angst,true,-1.7222024071451136
219,0.4223779192999233,0.07786467457803313,Geringe Angst,Geringe Angst,t1,-2.450222027674687
219,0.4223779192999233,0.07786467457803313,Geringe Angst,Geringe Angst,t2,-0.38345278304784247
219,0.4223779192999233,0.07786467457803313,Geringe Angst,Geringe Angst,true,-2.134626048348622
220,0.4223779192999233,0.07786467457803313,Geringe Angst,Geringe Angst,t1,-0.9556879612586342
220,0.4223779192999233,0.07786467457803313,Geringe Angst,Geringe Angst,t2,0.34596689851135476
220,0.4223779192999233,0.07786467457803313,Geringe Angst,Geringe Angst,true,0.06894559813700016
221,0.4223779192999233,0.07786467457803313,Hohe Angst,Hohe Angst,t1,1.6938634793801994
221,0.4223779192999233,0.07786467457803313,Hohe Angst,Hohe Angst,t2,2.748197678323012
221,0.4223779192999233,0.07786467457803313,Hohe Angst,Hohe Angst,true,0.8678217425810993
222,0.4223779192999233,0.07786467457803313,Geringe Angst,Geringe Angst,t1,-1.1615316575638583
222,0.4223779192999233,0.07786467457803313,Geringe Angst,Geringe Angst,t2,-3.617398328076357
222,0.4223779192999233,0.07786467457803313,Geringe Angst,Geringe Angst,true,-2.290044179458754
223,0.4223779192999233,0.07786467457803313,Hohe Angst,Geringe Angst,t1,1.30194161599321
223,0.4223779192999233,0.07786467457803313,Hohe Angst,Geringe Angst,t2,-1.8350147534937116
223,0.4223779192999233,0.07786467457803313,Hohe Angst,Geringe Angst,true,-0.15019028820832026
224,0.4223779192999233,0.07786467457803313,Geringe Angst,Geringe Angst,t1,-1.0989862231075214
224,0.4223779192999233,0.07786467457803313,Geringe Angst,Geringe Angst,t2,4.459942320483352
224,0.4223779192999233,0.07786467457803313,Geringe Angst,Geringe Angst,true,-0.2687817927910411
225,0.4223779192999233,0.07786467457803313,Hohe Angst,Hohe Angst,t1,1.87456264147813
225,0.4223779192999233,0.07786467457803313,Hohe Angst,Hohe Angst,t2,1.7256058519854844
225,0.4223779192999233,0.07786467457803313,Hohe Angst,Hohe Angst,true,1.7913320411473104
226,0.4223779192999233,0.07786467457803313,Hohe Angst,Hohe Angst,t1,1.120852142728747
226,0.4223779192999233,0.07786467457803313,Hohe Angst,Hohe Angst,t2,1.9731277818056476
226,0.4223779192999233,0.07786467457803313,Hohe Angst,Hohe Angst,true,0.6722680416980901
227,0.4223779192999233,0.07786467457803313,Hohe Angst,Geringe Angst,t1,1.3635171445324432
227,0.4223779192999233,0.07786467457803313,Hohe Angst,Geringe Angst,t2,-1.606062860673701
227,0.4223779192999233,0.07786467457803313,Hohe Angst,Geringe Angst,true,-0.20930113629673408
228,0.4223779192999233,0.07786467457803313,Geringe Angst,Geringe Angst,t1,-0.8345431683417148
228,0.4223779192999233,0.07786467457803313,Geringe Angst,Geringe Angst,t2,-0.8628187177641006
228,0.4223779192999233,0.07786467457803313,Geringe Angst,Geringe Angst,true,0.012182506124372104
229,0.4223779192999233,0.07786467457803313,Hohe Angst,Hohe Angst,t1,0.7990489512834879
229,0.4223779192999233,0.07786467457803313,Hohe Angst,Hohe Angst,t2,0.09594203028569037
229,0.4223779192999233,0.07786467457803313,Hohe Angst,Hohe Angst,true,1.5341168643843948
230,0.4223779192999233,0.07786467457803313,Geringe Angst,Geringe Angst,t1,-3.456748795454777
230,0.4223779192999233,0.07786467457803313,Geringe Angst,Geringe Angst,t2,-0.4726865519432417
230,0.4223779192999233,0.07786467457803313,Geringe Angst,Geringe Angst,true,0.07729181640714025
231,0.4223779192999233,0.07786467457803313,Geringe Angst,Hohe Angst,t1,-0.2886382190043847
231,0.4223779192999233,0.07786467457803313,Geringe Angst,Hohe Angst,t2,1.8722730755084502
231,0.4223779192999233,0.07786467457803313,Geringe Angst,Hohe Angst,true,0.07843753274892601
232,0.4223779192999233,0.07786467457803313,Hohe Angst,Geringe Angst,t1,0.8904829241268291
232,0.4223779192999233,0.07786467457803313,Hohe Angst,Geringe Angst,t2,-2.0587480422609294
232,0.4223779192999233,0.07786467457803313,Hohe Angst,Geringe Angst,true,-0.7792610704296956
233,0.4223779192999233,0.07786467457803313,Geringe Angst,Hohe Angst,t1,-1.0078413535924111
233,0.4223779192999233,0.07786467457803313,Geringe Angst,Hohe Angst,t2,0.01429603319024464
233,0.4223779192999233,0.07786467457803313,Geringe Angst,Hohe Angst,true,0.16655966873186992
234,0.4223779192999233,0.07786467457803313,Geringe Angst,Hohe Angst,t1,-0.4525402353977139
234,0.4223779192999233,0.07786467457803313,Geringe Angst,Hohe Angst,t2,1.9626827330625685
234,0.4223779192999233,0.07786467457803313,Geringe Angst,Hohe Angst,true,0.26532456977474944
235,0.4223779192999233,0.07786467457803313,Hohe Angst,Hohe Angst,t1,5.119038381779198
235,0.4223779192999233,0.07786467457803313,Hohe Angst,Hohe Angst,t2,2.1248984357576313
235,0.4223779192999233,0.07786467457803313,Hohe Angst,Hohe Angst,true,0.8907807096202679
236,0.4223779192999233,0.07786467457803313,Hohe Angst,Geringe Angst,t1,0.8229337353041222
236,0.4223779192999233,0.07786467457803313,Hohe Angst,Geringe Angst,t2,-4.444858224025402
236,0.4223779192999233,0.07786467457803313,Hohe Angst,Geringe Angst,true,-0.4678883694665123
237,0.4223779192999233,0.07786467457803313,Geringe Angst,Hohe Angst,t1,0.1337346455460514
237,0.4223779192999233,0.07786467457803313,Geringe Angst,Hohe Angst,t2,2.021565101508557
237,0.4223779192999233,0.07786467457803313,Geringe Angst,Hohe Angst,true,0.7583745568068507
238,0.4223779192999233,0.07786467457803313,Hohe Angst,Geringe Angst,t1,1.7291602079483153
238,0.4223779192999233,0.07786467457803313,Hohe Angst,Geringe Angst,t2,-4.530027085372356
238,0.4223779192999233,0.07786467457803313,Hohe Angst,Geringe Angst,true,-0.6417363577699406
239,0.4223779192999233,0.07786467457803313,Hohe Angst,Hohe Angst,t1,1.7352697511359776
239,0.4223779192999233,0.07786467457803313,Hohe Angst,Hohe Angst,t2,1.582421871005135
239,0.4223779192999233,0.07786467457803313,Hohe Angst,Hohe Angst,true,0.6276718232474288
240,0.4223779192999233,0.07786467457803313,Geringe Angst,Hohe Angst,t1,0.14082224938692672
240,0.4223779192999233,0.07786467457803313,Geringe Angst,Hohe Angst,t2,3.805789975792264
240,0.4223779192999233,0.07786467457803313,Geringe Angst,Hohe Angst,true,0.24833012682298145
241,0.4223779192999233,0.07786467457803313,Hohe Angst,Geringe Angst,t1,3.5548502529934476
241,0.4223779192999233,0.07786467457803313,Hohe Angst,Geringe Angst,t2,1.075709246771995
241,0.4223779192999233,0.07786467457803313,Hohe Angst,Geringe Angst,true,-0.7000758167242074
242,0.4223779192999233,0.07786467457803313,Geringe Angst,Geringe Angst,t1,-0.9428145440076332
242,0.4223779192999233,0.07786467457803313,Geringe Angst,Geringe Angst,t2,-2.7737297079497076
242,0.4223779192999233,0.07786467457803313,Geringe Angst,Geringe Angst,true,-0.5674015851191844
243,0.4223779192999233,0.07786467457803313,Geringe Angst,Geringe Angst,t1,-0.06387823601079068
243,0.4223779192999233,0.07786467457803313,Geringe Angst,Geringe Angst,t2,-0.8666613372288431
243,0.4223779192999233,0.07786467457803313,Geringe Angst,Geringe Angst,true,-0.2613939258894553
244,0.4223779192999233,0.07786467457803313,Hohe Angst,Geringe Angst,t1,2.7568712629363827
244,0.4223779192999233,0.07786467457803313,Hohe Angst,Geringe Angst,t2,0.6037058279545078
244,0.4223779192999233,0.07786467457803313,Hohe Angst,Geringe Angst,true,-1.0638850357865848
245,0.4223779192999233,0.07786467457803313,Hohe Angst,Geringe Angst,t1,3.1365427772260643
245,0.4223779192999233,0.07786467457803313,Hohe Angst,Geringe Angst,t2,-4.925429645086401
245,0.4223779192999233,0.07786467457803313,Hohe Angst,Geringe Angst,true,-0.10636865398875045
246,0.4223779192999233,0.07786467457803313,Hohe Angst,Hohe Angst,t1,4.957239729279981
246,0.4223779192999233,0.07786467457803313,Hohe Angst,Hohe Angst,t2,1.2860085069776348
246,0.4223779192999233,0.07786467457803313,Hohe Angst,Hohe Angst,true,0.7711037396755849
247,0.4223779192999233,0.07786467457803313,Hohe Angst,Hohe Angst,t1,1.3629316863814942
247,0.4223779192999233,0.07786467457803313,Hohe Angst,Hohe Angst,t2,-1.600073330730864
247,0.4223779192999233,0.07786467457803313,Hohe Angst,Hohe Angst,true,2.747403542248726
248,0.4223779192999233,0.07786467457803313,Geringe Angst,Geringe Angst,t1,-4.658330978808745
248,0.4223779192999233,0.07786467457803313,Geringe Angst,Geringe Angst,t2,-0.03159939844953723
248,0.4223779192999233,0.07786467457803313,Geringe Angst,Geringe Angst,true,-0.08393475707581322
249,0.4223779192999233,0.07786467457803313,Geringe Angst,Hohe Angst,t1,-2.7676357154906777
249,0.4223779192999233,0.07786467457803313,Geringe Angst,Hohe Angst,t2,-0.6042120479162216
249,0.4223779192999233,0.07786467457803313,Geringe Angst,Hohe Angst,true,0.543567634250284
250,0.4223779192999233,0.07786467457803313,Hohe Angst,Hohe Angst,t1,1.8918800464657326
250,0.4223779192999233,0.07786467457803313,Hohe Angst,Hohe Angst,t2,1.3070066158795468
250,0.4223779192999233,0.07786467457803313,Hohe Angst,Hohe Angst,true,0.7528612106353899
251,0.4223779192999233,0.07786467457803313,Geringe Angst,Geringe Angst,t1,-1.7511193009424693
251,0.4223779192999233,0.07786467457803313,Geringe Angst,Geringe Angst,t2,-0.2810660830958077
251,0.4223779192999233,0.07786467457803313,Geringe Angst,Geringe Angst,true,-0.8086741276578688
252,0.4223779192999233,0.07786467457803313,Hohe Angst,Hohe Angst,t1,0.9347004926421512
252,0.4223779192999233,0.07786467457803313,Hohe Angst,Hohe Angst,t2,2.780035868394125
252,0.4223779192999233,0.07786467457803313,Hohe Angst,Hohe Angst,true,1.0011198473907261
253,0.4223779192999233,0.07786467457803313,Hohe Angst,Hohe Angst,t1,1.210786640153653
253,0.4223779192999233,0.07786467457803313,Hohe Angst,Hohe Angst,t2,-0.6073307391910575
253,0.4223779192999233,0.07786467457803313,Hohe Angst,Hohe Angst,true,0.45605250463261726
254,0.4223779192999233,0.07786467457803313,Hohe Angst,Geringe Angst,t1,0.8811856940259759
254,0.4223779192999233,0.07786467457803313,Hohe Angst,Geringe Angst,t2,-2.01200379455807
254,0.4223779192999233,0.07786467457803313,Hohe Angst,Geringe Angst,true,-1.434250307431075
255,0.4223779192999233,0.07786467457803313,Hohe Angst,Geringe Angst,t1,2.5319951829751006
255,0.4223779192999233,0.07786467457803313,Hohe Angst,Geringe Angst,t2,4.383170626954809
255,0.4223779192999233,0.07786467457803313,Hohe Angst,Geringe Angst,true,-0.2653048162780764
256,0.4223779192999233,0.07786467457803313,Hohe Angst,Hohe Angst,t1,4.87877702492066
256,0.4223779192999233,0.07786467457803313,Hohe Angst,Hohe Angst,t2,2.2519085024725602
256,0.4223779192999233,0.07786467457803313,Hohe Angst,Hohe Angst,true,0.6417691636417394
257,0.4223779192999233,0.07786467457803313,Geringe Angst,Geringe Angst,t1,-2.5899407677275472
257,0.4223779192999233,0.07786467457803313,Geringe Angst,Geringe Angst,t2,-2.0645039695651537
257,0.4223779192999233,0.07786467457803313,Geringe Angst,Geringe Angst,true,-0.41502102871157576
258,0.4223779192999233,0.07786467457803313,Hohe Angst,Geringe Angst,t1,1.9724910970433591
258,0.4223779192999233,0.07786467457803313,Hohe Angst,Geringe Angst,t2,0.7684396147304431
258,0.4223779192999233,0.07786467457803313,Hohe Angst,Geringe Angst,true,-0.459575676223938
259,0.4223779192999233,0.07786467457803313,Hohe Angst,Geringe Angst,t1,0.5619565935438933
259,0.4223779192999233,0.07786467457803313,Hohe Angst,Geringe Angst,t2,-0.780126636527329
259,0.4223779192999233,0.07786467457803313,Hohe Angst,Geringe Angst,true,-0.7924940157192857
260,0.4223779192999233,0.07786467457803313,Geringe Angst,Geringe Angst,t1,-2.611292948770456
260,0.4223779192999233,0.07786467457803313,Geringe Angst,Geringe Angst,t2,-0.14561254849774086
260,0.4223779192999233,0.07786467457803313,Geringe Angst,Geringe Angst,true,-1.158539133475384
261,0.4223779192999233,0.07786467457803313,Hohe Angst,Hohe Angst,t1,0.9365778817854912
261,0.4223779192999233,0.07786467457803313,Hohe Angst,Hohe Angst,t2,-1.361661352953128
261,0.4223779192999233,0.07786467457803313,Hohe Angst,Hohe Angst,true,0.7108899984484365
262,0.4223779192999233,0.07786467457803313,Hohe Angst,Hohe Angst,t1,1.3980289018015604
262,0.4223779192999233,0.07786467457803313,Hohe Angst,Hohe Angst,t2,-2.8487641914938227
262,0.4223779192999233,0.07786467457803313,Hohe Angst,Hohe Angst,true,1.2676017522382352
263,0.4223779192999233,0.07786467457803313,Geringe Angst,Geringe Angst,t1,-1.404405477922295
263,0.4223779192999233,0.07786467457803313,Geringe Angst,Geringe Angst,t2,-2.5105542184093896
263,0.4223779192999233,0.07786467457803313,Geringe Angst,Geringe Angst,true,-0.14315105575063852
264,0.4223779192999233,0.07786467457803313,Hohe Angst,Geringe Angst,t1,0.5226820191890627
264,0.4223779192999233,0.07786467457803313,Hohe Angst,Geringe Angst,t2,-1.558778143752242
264,0.4223779192999233,0.07786467457803313,Hohe Angst,Geringe Angst,true,-0.5150289063431959
265,0.4223779192999233,0.07786467457803313,Geringe Angst,Hohe Angst,t1,-0.12299781540446375
265,0.4223779192999233,0.07786467457803313,Geringe Angst,Hohe Angst,t2,-0.8290612892175728
265,0.4223779192999233,0.07786467457803313,Geringe Angst,Hohe Angst,true,1.4828911843081922
266,0.4223779192999233,0.07786467457803313,Geringe Angst,Geringe Angst,t1,-1.5258353125430344
266,0.4223779192999233,0.07786467457803313,Geringe Angst,Geringe Angst,t2,3.251832904556685
266,0.4223779192999233,0.07786467457803313,Geringe Angst,Geringe Angst,true,-0.1625889099262693
267,0.4223779192999233,0.07786467457803313,Geringe Angst,Geringe Angst,t1,-0.032616269304652244
267,0.4223779192999233,0.07786467457803313,Geringe Angst,Geringe Angst,t2,-0.7611825202189785
267,0.4223779192999233,0.07786467457803313,Geringe Angst,Geringe Angst,true,0.04170917440231626
268,0.4223779192999233,0.07786467457803313,Geringe Angst,Hohe Angst,t1,-0.09150873431369094
268,0.4223779192999233,0.07786467457803313,Geringe Angst,Hohe Angst,t2,0.3269434137379714
268,0.4223779192999233,0.07786467457803313,Geringe Angst,Hohe Angst,true,0.4830398961388636
269,0.4223779192999233,0.07786467457803313,Geringe Angst,Geringe Angst,t1,-3.232181508620087
269,0.4223779192999233,0.07786467457803313,Geringe Angst,Geringe Angst,t2,-2.558592013157578
269,0.4223779192999233,0.07786467457803313,Geringe Angst,Geringe Angst,true,-1.1801271739278678
270,0.4223779192999233,0.07786467457803313,Hohe Angst,Geringe Angst,t1,2.1331446300554298
270,0.4223779192999233,0.07786467457803313,Hohe Angst,Geringe Angst,t2,-2.0703789222685636
270,0.4223779192999233,0.07786467457803313,Hohe Angst,Geringe Angst,true,-0.663573739142793
271,0.4223779192999233,0.07786467457803313,Hohe Angst,Geringe Angst,t1,1.0387305974005994
271,0.4223779192999233,0.07786467457803313,Hohe Angst,Geringe Angst,t2,-0.22331067198587928
271,0.4223779192999233,0.07786467457803313,Hohe Angst,Geringe Angst,true,-0.6346498942130635
272,0.4223779192999233,0.07786467457803313,Geringe Angst,Geringe Angst,t1,-1.3617555590813923
272,0.4223779192999233,0.07786467457803313,Geringe Angst,Geringe Angst,t2,0.13838709150823758
272,0.4223779192999233,0.07786467457803313,Geringe Angst,Geringe Angst,true,-0.7019630314458931
273,0.4223779192999233,0.07786467457803313,Hohe Angst,Hohe Angst,t1,1.646454891133193
273,0.4223779192999233,0.07786467457803313,Hohe Angst,Hohe Angst,t2,2.7042802318676484
273,0.4223779192999233,0.07786467457803313,Hohe Angst,Hohe Angst,true,0.5768503788713153
274,0.4223779192999233,0.07786467457803313,Geringe Angst,Geringe Angst,t1,-4.527586749312299
274,0.4223779192999233,0.07786467457803313,Geringe Angst,Geringe Angst,t2,-3.5684432436384204
274,0.4223779192999233,0.07786467457803313,Geringe Angst,Geringe Angst,true,-2.1130803707257706
275,0.4223779192999233,0.07786467457803313,Hohe Angst,Hohe Angst,t1,1.518444312771449
275,0.4223779192999233,0.07786467457803313,Hohe Angst,Hohe Angst,t2,2.0083242984715084
275,0.4223779192999233,0.07786467457803313,Hohe Angst,Hohe Angst,true,0.2609096826747492
276,0.4223779192999233,0.07786467457803313,Hohe Angst,Hohe Angst,t1,2.299456655897867
276,0.4223779192999233,0.07786467457803313,Hohe Angst,Hohe Angst,t2,-1.6297212852679361
276,0.4223779192999233,0.07786467457803313,Hohe Angst,Hohe Angst,true,1.1471271902896512
277,0.4223779192999233,0.07786467457803313,Hohe Angst,Geringe Angst,t1,2.487241406735622
277,0.4223779192999233,0.07786467457803313,Hohe Angst,Geringe Angst,t2,0.6348571472898646
277,0.4223779192999233,0.07786467457803313,Hohe Angst,Geringe Angst,true,0.01479364855620238
278,0.4223779192999233,0.07786467457803313,Hohe Angst,Geringe Angst,t1,0.6393400320563858
278,0.4223779192999233,0.07786467457803313,Hohe Angst,Geringe Angst,t2,0.06836918500111994
278,0.4223779192999233,0.07786467457803313,Hohe Angst,Geringe Angst,true,-0.31173924390195673
279,0.4223779192999233,0.07786467457803313,Geringe Angst,Geringe Angst,t1,-4.05049108488467
279,0.4223779192999233,0.07786467457803313,Geringe Angst,Geringe Angst,t2,-1.283805515406006
279,0.4223779192999233,0.07786467457803313,Geringe Angst,Geringe Angst,true,-0.9561961081041574
280,0.4223779192999233,0.07786467457803313,Hohe Angst,Hohe Angst,t1,0.584351354319957
280,0.4223779192999233,0.07786467457803313,Hohe Angst,Hohe Angst,t2,1.5003949275286033
280,0.4223779192999233,0.07786467457803313,Hohe Angst,Hohe Angst,true,0.4734137585407094
281,0.4223779192999233,0.07786467457803313,Geringe Angst,Geringe Angst,t1,-0.15373989780367903
281,0.4223779192999233,0.07786467457803313,Geringe Angst,Geringe Angst,t2,0.28632850207990335
281,0.4223779192999233,0.07786467457803313,Geringe Angst,Geringe Angst,true,-1.513864079677232
282,0.4223779192999233,0.07786467457803313,Geringe Angst,Hohe Angst,t1,-2.536122141915671
282,0.4223779192999233,0.07786467457803313,Geringe Angst,Hohe Angst,t2,0.4040229211570731
282,0.4223779192999233,0.07786467457803313,Geringe Angst,Hohe Angst,true,0.1642809976705875
283,0.4223779192999233,0.07786467457803313,Geringe Angst,Geringe Angst,t1,-0.3806603295906156
283,0.4223779192999233,0.07786467457803313,Geringe Angst,Geringe Angst,t2,1.0121895950533022
283,0.4223779192999233,0.07786467457803313,Geringe Angst,Geringe Angst,true,-0.870865218565352
284,0.4223779192999233,0.07786467457803313,Hohe Angst,Hohe Angst,t1,0.9786319224125655
284,0.4223779192999233,0.07786467457803313,Hohe Angst,Hohe Angst,t2,2.6243075643365024
284,0.4223779192999233,0.07786467457803313,Hohe Angst,Hohe Angst,true,1.5933289943165856
285,0.4223779192999233,0.07786467457803313,Hohe Angst,Hohe Angst,t1,2.109326655866675
285,0.4223779192999233,0.07786467457803313,Hohe Angst,Hohe Angst,t2,-0.4629253446963917
285,0.4223779192999233,0.07786467457803313,Hohe Angst,Hohe Angst,true,0.6465975227917815
286,0.4223779192999233,0.07786467457803313,Hohe Angst,Hohe Angst,t1,0.7601332972965402
286,0.4223779192999233,0.07786467457803313,Hohe Angst,Hohe Angst,t2,1.9021234889274647
286,0.4223779192999233,0.07786467457803313,Hohe Angst,Hohe Angst,true,0.35736968518264456
287,0.4223779192999233,0.07786467457803313,Geringe Angst,Hohe Angst,t1,-3.0485326025382324
287,0.4223779192999233,0.07786467457803313,Geringe Angst,Hohe Angst,t2,1.5895856788039053
287,0.4223779192999233,0.07786467457803313,Geringe Angst,Hohe Angst,true,0.10239306319964638
288,0.4223779192999233,0.07786467457803313,Geringe Angst,Geringe Angst,t1,-0.6281892703165192
288,0.4223779192999233,0.07786467457803313,Geringe Angst,Geringe Angst,t2,-1.8545717928985568
288,0.4223779192999233,0.07786467457803313,Geringe Angst,Geringe Angst,true,-0.6752668251950498
289,0.4223779192999233,0.07786467457803313,Hohe Angst,Hohe Angst,t1,2.575367245798173
289,0.4223779192999233,0.07786467457803313,Hohe Angst,Hohe Angst,t2,2.224685418961675
289,0.4223779192999233,0.07786467457803313,Hohe Angst,Hohe Angst,true,0.9720850237394252
290,0.4223779192999233,0.07786467457803313,Geringe Angst,Hohe Angst,t1,-4.3553848201748195
290,0.4223779192999233,0.07786467457803313,Geringe Angst,Hohe Angst,t2,-2.9968615559957934
290,0.4223779192999233,0.07786467457803313,Geringe Angst,Hohe Angst,true,0.7558699292494233
291,0.4223779192999233,0.07786467457803313,Geringe Angst,Geringe Angst,t1,-1.482106984965441
291,0.4223779192999233,0.07786467457803313,Geringe Angst,Geringe Angst,t2,-0.14859341631676604
291,0.4223779192999233,0.07786467457803313,Geringe Angst,Geringe Angst,true,-0.4282856230671432
292,0.4223779192999233,0.07786467457803313,Geringe Angst,Geringe Angst,t1,-3.3396425449853853
292,0.4223779192999233,0.07786467457803313,Geringe Angst,Geringe Angst,t2,-0.23331641593347507
292,0.4223779192999233,0.07786467457803313,Geringe Angst,Geringe Angst,true,-0.7139247637151245
293,0.4223779192999233,0.07786467457803313,Hohe Angst,Geringe Angst,t1,1.4113386270898525
293,0.4223779192999233,0.07786467457803313,Hohe Angst,Geringe Angst,t2,0.049579876987467214
293,0.4223779192999233,0.07786467457803313,Hohe Angst,Geringe Angst,true,-0.19038406556721627
294,0.4223779192999233,0.07786467457803313,Hohe Angst,Hohe Angst,t1,1.826066352767078
294,0.4223779192999233,0.07786467457803313,Hohe Angst,Hohe Angst,t2,-3.6235565161666354
294,0.4223779192999233,0.07786467457803313,Hohe Angst,Hohe Angst,true,0.3998648117162409
295,0.4223779192999233,0.07786467457803313,Hohe Angst,Geringe Angst,t1,1.085984810669662
295,0.4223779192999233,0.07786467457803313,Hohe Angst,Geringe Angst,t2,-1.7251653547825696
295,0.4223779192999233,0.07786467457803313,Hohe Angst,Geringe Angst,true,-0.9778449145041543
296,0.4223779192999233,0.07786467457803313,Hohe Angst,Hohe Angst,t1,3.5473539054508887
296,0.4223779192999233,0.07786467457803313,Hohe Angst,Hohe Angst,t2,-1.810603766441553
296,0.4223779192999233,0.07786467457803313,Hohe Angst,Hohe Angst,true,0.18373690954909874
297,0.4223779192999233,0.07786467457803313,Geringe Angst,Geringe Angst,t1,-2.6029313215277083
297,0.4223779192999233,0.07786467457803313,Geringe Angst,Geringe Angst,t2,-4.412515148606589
297,0.4223779192999233,0.07786467457803313,Geringe Angst,Geringe Angst,true,-2.1503105297437393
298,0.4223779192999233,0.07786467457803313,Geringe Angst,Geringe Angst,t1,-1.01882458951098
298,0.4223779192999233,0.07786467457803313,Geringe Angst,Geringe Angst,t2,-0.5925477972864907
298,0.4223779192999233,0.07786467457803313,Geringe Angst,Geringe Angst,true,-0.6229665257459032
299,0.4223779192999233,0.07786467457803313,Hohe Angst,Geringe Angst,t1,1.3219651888723658
299,0.4223779192999233,0.07786467457803313,Hohe Angst,Geringe Angst,t2,0.04197144593195856
299,0.4223779192999233,0.07786467457803313,Hohe Angst,Geringe Angst,true,-0.7654393157701249
300,0.4223779192999233,0.07786467457803313,Geringe Angst,Hohe Angst,t1,-0.41916527640602047
300,0.4223779192999233,0.07786467457803313,Geringe Angst,Hohe Angst,t2,-0.618111609112914
300,0.4223779192999233,0.07786467457803313,Geringe Angst,Hohe Angst,true,0.46430941878394455
